detector,indentifier,unit
k__Archaea,NCBITaxon_2157,UO:0000187
k__Archaea|p__Euryarchaeota,NCBITaxon_28890,UO:0000187
k__Archaea|p__Euryarchaeota|c__Methanomicrobia,NCBITaxon_224756,UO:0000187
k__Archaea|p__Euryarchaeota|c__Methanomicrobia|o__Methanomicrobiales,NCBITaxon_2191,UO:0000187
k__Archaea|p__Euryarchaeota|c__Methanomicrobia|o__Methanomicrobiales|f__Methanomicrobiaceae,NCBITaxon_2194,UO:0000187
k__Archaea|p__Euryarchaeota|c__Methanomicrobia|o__Methanomicrobiales|f__Methanomicrobiaceae|g__Methanoculleus,NCBITaxon_45989,UO:0000187
k__Archaea|p__Euryarchaeota|c__Methanomicrobia|o__Methanomicrobiales|f__Methanomicrobiaceae|g__Methanoculleus|s__Methanoculleus_unclassified,NCBITaxon_39662,UO:0000187
k__Archaea|p__Euryarchaeota|c__Methanomicrobia|o__Methanosarcinales,NCBITaxon_94695,UO:0000187
k__Archaea|p__Euryarchaeota|c__Methanomicrobia|o__Methanosarcinales|f__Methanosarcinaceae,NCBITaxon_2206,UO:0000187
k__Archaea|p__Euryarchaeota|c__Methanomicrobia|o__Methanosarcinales|f__Methanosarcinaceae|g__Methanosarcina,NCBITaxon_2207,UO:0000187
k__Archaea|p__Euryarchaeota|c__Methanomicrobia|o__Methanosarcinales|f__Methanosarcinaceae|g__Methanosarcina|s__Methanosarcina_mazei,NCBITaxon_2209,UO:0000187
k__Archaea|p__Thaumarchaeota,NCBITaxon_651137,UO:0000187
k__Archaea|p__Thaumarchaeota|c__Thaumarchaeota_noname,NCBITaxon_651142,UO:0000187
k__Archaea|p__Thaumarchaeota|c__Thaumarchaeota_noname|o__Nitrosopumilales,NCBITaxon_31932,UO:0000187
k__Archaea|p__Thaumarchaeota|c__Thaumarchaeota_noname|o__Nitrosopumilales|f__Nitrosopumilaceae,NCBITaxon_338190,UO:0000187
k__Archaea|p__Thaumarchaeota|c__Thaumarchaeota_noname|o__Nitrosopumilales|f__Nitrosopumilaceae|g__Candidatus_Nitrosoarchaeum,NCBITaxon_1007082,UO:0000187
k__Archaea|p__Thaumarchaeota|c__Thaumarchaeota_noname|o__Nitrosopumilales|f__Nitrosopumilaceae|g__Candidatus_Nitrosoarchaeum|s__Candidatus_Nitrosoarchaeum_unclassified,NCBITaxon_2641124,UO:0000187
k__Bacteria,NCBITaxon_2,UO:0000187
k__Bacteria|p__Acidobacteria,NCBITaxon_57723,UO:0000187
k__Bacteria|p__Acidobacteria|c__Acidobacteriia,NCBITaxon_204432,UO:0000187
k__Bacteria|p__Acidobacteria|c__Acidobacteriia|o__Acidobacteriales,NCBITaxon_204433,UO:0000187
k__Bacteria|p__Acidobacteria|c__Acidobacteriia|o__Acidobacteriales|f__Acidobacteriaceae,NCBITaxon_204434,UO:0000187
k__Bacteria|p__Acidobacteria|c__Acidobacteriia|o__Acidobacteriales|f__Acidobacteriaceae|g__Acidobacteriaceae_unclassified,NCBITaxon_112074,UO:0000187
k__Bacteria|p__Acidobacteria|c__Acidobacteriia|o__Acidobacteriales|f__Acidobacteriaceae|g__Granulicella,NCBITaxon_940557,UO:0000187
k__Bacteria|p__Acidobacteria|c__Acidobacteriia|o__Acidobacteriales|f__Acidobacteriaceae|g__Granulicella|s__Granulicella_unclassified,NCBITaxon_2621151,UO:0000187
k__Bacteria|p__Actinobacteria,NCBITaxon_201174,UO:0000187
k__Bacteria|p__Actinobacteria|c__Actinobacteria,NCBITaxon_1760,UO:0000187
k__Bacteria|p__Actinobacteria|c__Actinobacteria|o__Actinomycetales,NCBITaxon_2037,UO:0000187
k__Bacteria|p__Actinobacteria|c__Actinobacteria|o__Actinomycetales|f__Actinomycetaceae,NCBITaxon_2049,UO:0000187
k__Bacteria|p__Actinobacteria|c__Actinobacteria|o__Actinomycetales|f__Actinomycetaceae|g__Actinomyces,NCBITaxon_1654,UO:0000187
k__Bacteria|p__Actinobacteria|c__Actinobacteria|o__Actinomycetales|f__Actinomycetaceae|g__Actinomyces|s__Actinomyces_oris,NCBITaxon_544580,UO:0000187
k__Bacteria|p__Actinobacteria|c__Actinobacteria|o__Actinomycetales|f__Actinomycetaceae|g__Actinomyces|s__Actinomyces_viscosus,NCBITaxon_1656,UO:0000187
k__Bacteria|p__Actinobacteria|c__Actinobacteria|o__Actinomycetales|f__Brevibacteriaceae,NCBITaxon_85019,UO:0000187
k__Bacteria|p__Actinobacteria|c__Actinobacteria|o__Actinomycetales|f__Brevibacteriaceae|g__Brevibacterium,NCBITaxon_1696,UO:0000187
k__Bacteria|p__Actinobacteria|c__Actinobacteria|o__Actinomycetales|f__Brevibacteriaceae|g__Brevibacterium|s__Brevibacterium_unclassified,NCBITaxon_2614124,UO:0000187
k__Bacteria|p__Actinobacteria|c__Actinobacteria|o__Actinomycetales|f__Cellulomonadaceae,NCBITaxon_85016,UO:0000187
k__Bacteria|p__Actinobacteria|c__Actinobacteria|o__Actinomycetales|f__Cellulomonadaceae|g__Cellulomonas,NCBITaxon_1707,UO:0000187
k__Bacteria|p__Actinobacteria|c__Actinobacteria|o__Actinomycetales|f__Cellulomonadaceae|g__Cellulomonas|s__Cellulomonas_unclassified,NCBITaxon_2620175,UO:0000187
k__Bacteria|p__Actinobacteria|c__Actinobacteria|o__Actinomycetales|f__Corynebacteriaceae,NCBITaxon_1653,UO:0000187
k__Bacteria|p__Actinobacteria|c__Actinobacteria|o__Actinomycetales|f__Corynebacteriaceae|g__Corynebacterium,NCBITaxon_1716,UO:0000187
k__Bacteria|p__Actinobacteria|c__Actinobacteria|o__Actinomycetales|f__Corynebacteriaceae|g__Corynebacterium|s__Corynebacterium_accolens,NCBITaxon_38284,UO:0000187
k__Bacteria|p__Actinobacteria|c__Actinobacteria|o__Actinomycetales|f__Corynebacteriaceae|g__Corynebacterium|s__Corynebacterium_amycolatum,NCBITaxon_43765,UO:0000187
k__Bacteria|p__Actinobacteria|c__Actinobacteria|o__Actinomycetales|f__Corynebacteriaceae|g__Corynebacterium|s__Corynebacterium_genitalium,NCBITaxon_38288,UO:0000187
k__Bacteria|p__Actinobacteria|c__Actinobacteria|o__Actinomycetales|f__Corynebacteriaceae|g__Corynebacterium|s__Corynebacterium_glutamicum,NCBITaxon_1718,UO:0000187
k__Bacteria|p__Actinobacteria|c__Actinobacteria|o__Actinomycetales|f__Corynebacteriaceae|g__Corynebacterium|s__Corynebacterium_kroppenstedtii,NCBITaxon_161879,UO:0000187
k__Bacteria|p__Actinobacteria|c__Actinobacteria|o__Actinomycetales|f__Corynebacteriaceae|g__Corynebacterium|s__Corynebacterium_lipophiloflavum,NCBITaxon_161889,UO:0000187
k__Bacteria|p__Actinobacteria|c__Actinobacteria|o__Actinomycetales|f__Corynebacteriaceae|g__Corynebacterium|s__Corynebacterium_matruchotii,NCBITaxon_43768,UO:0000187
k__Bacteria|p__Actinobacteria|c__Actinobacteria|o__Actinomycetales|f__Corynebacteriaceae|g__Corynebacterium|s__Corynebacterium_propinquum,NCBITaxon_43769,UO:0000187
k__Bacteria|p__Actinobacteria|c__Actinobacteria|o__Actinomycetales|f__Corynebacteriaceae|g__Corynebacterium|s__Corynebacterium_pseudogenitalium,NCBITaxon_38303,UO:0000187
k__Bacteria|p__Actinobacteria|c__Actinobacteria|o__Actinomycetales|f__Corynebacteriaceae|g__Corynebacterium|s__Corynebacterium_tuberculostearicum,NCBITaxon_38304,UO:0000187
k__Bacteria|p__Actinobacteria|c__Actinobacteria|o__Actinomycetales|f__Dermabacteraceae,NCBITaxon_85020,UO:0000187
k__Bacteria|p__Actinobacteria|c__Actinobacteria|o__Actinomycetales|f__Dermabacteraceae|g__Brachybacterium,NCBITaxon_43668,UO:0000187
k__Bacteria|p__Actinobacteria|c__Actinobacteria|o__Actinomycetales|f__Dermabacteraceae|g__Brachybacterium|s__Brachybacterium_muris,NCBITaxon_219301,UO:0000187
k__Bacteria|p__Actinobacteria|c__Actinobacteria|o__Actinomycetales|f__Dermabacteraceae|g__Brachybacterium|s__Brachybacterium_unclassified,NCBITaxon_2623841,UO:0000187
k__Bacteria|p__Actinobacteria|c__Actinobacteria|o__Actinomycetales|f__Dermabacteraceae|g__Dermabacteraceae_unclassified,NCBITaxon_196886,UO:0000187
k__Bacteria|p__Actinobacteria|c__Actinobacteria|o__Actinomycetales|f__Dermacoccaceae,NCBITaxon_145357,UO:0000187
k__Bacteria|p__Actinobacteria|c__Actinobacteria|o__Actinomycetales|f__Dermacoccaceae|g__Kytococcus,NCBITaxon_57499,UO:0000187
k__Bacteria|p__Actinobacteria|c__Actinobacteria|o__Actinomycetales|f__Dermacoccaceae|g__Kytococcus|s__Kytococcus_sedentarius,NCBITaxon_1276,UO:0000187
k__Bacteria|p__Actinobacteria|c__Actinobacteria|o__Actinomycetales|f__Dermatophilaceae,NCBITaxon_85018,UO:0000187
k__Bacteria|p__Actinobacteria|c__Actinobacteria|o__Actinomycetales|f__Dermatophilaceae|g__Dermatophilaceae_unclassified,NCBITaxon_98519,UO:0000187
k__Bacteria|p__Actinobacteria|c__Actinobacteria|o__Actinomycetales|f__Dietziaceae,NCBITaxon_85029,UO:0000187
k__Bacteria|p__Actinobacteria|c__Actinobacteria|o__Actinomycetales|f__Dietziaceae|g__Dietzia,NCBITaxon_37914,UO:0000187
k__Bacteria|p__Actinobacteria|c__Actinobacteria|o__Actinomycetales|f__Dietziaceae|g__Dietzia|s__Dietzia_unclassified,NCBITaxon_347044,UO:0000187
k__Bacteria|p__Actinobacteria|c__Actinobacteria|o__Actinomycetales|f__Geodermatophilaceae,NCBITaxon_85030,UO:0000187
k__Bacteria|p__Actinobacteria|c__Actinobacteria|o__Actinomycetales|f__Geodermatophilaceae|g__Geodermatophilaceae_unclassified,NCBITaxon_234661,UO:0000187
k__Bacteria|p__Actinobacteria|c__Actinobacteria|o__Actinomycetales|f__Gordoniaceae,NCBITaxon_85026,UO:0000187
k__Bacteria|p__Actinobacteria|c__Actinobacteria|o__Actinomycetales|f__Gordoniaceae|g__Gordonia,NCBITaxon_2053,UO:0000187
k__Bacteria|p__Actinobacteria|c__Actinobacteria|o__Actinomycetales|f__Gordoniaceae|g__Gordonia|s__Gordonia_bronchialis,NCBITaxon_2054,UO:0000187
k__Bacteria|p__Actinobacteria|c__Actinobacteria|o__Actinomycetales|f__Gordoniaceae|g__Gordonia|s__Gordonia_kroppenstedtii,NCBITaxon_1121721,UO:0000187
k__Bacteria|p__Actinobacteria|c__Actinobacteria|o__Actinomycetales|f__Gordoniaceae|g__Gordonia|s__Gordonia_polyisoprenivorans,NCBITaxon_84595,UO:0000187
k__Bacteria|p__Actinobacteria|c__Actinobacteria|o__Actinomycetales|f__Gordoniaceae|g__Gordonia|s__Gordonia_rubripertincta,NCBITaxon_36822,UO:0000187
k__Bacteria|p__Actinobacteria|c__Actinobacteria|o__Actinomycetales|f__Gordoniaceae|g__Gordonia|s__Gordonia_terrae,NCBITaxon_2055,UO:0000187
k__Bacteria|p__Actinobacteria|c__Actinobacteria|o__Actinomycetales|f__Intrasporangiaceae,NCBITaxon_85021,UO:0000187
k__Bacteria|p__Actinobacteria|c__Actinobacteria|o__Actinomycetales|f__Intrasporangiaceae|g__Janibacter,NCBITaxon_53457,UO:0000187
k__Bacteria|p__Actinobacteria|c__Actinobacteria|o__Actinomycetales|f__Intrasporangiaceae|g__Janibacter|s__Janibacter_hoylei,NCBITaxon_364298,UO:0000187
k__Bacteria|p__Actinobacteria|c__Actinobacteria|o__Actinomycetales|f__Microbacteriaceae,NCBITaxon_85023,UO:0000187
k__Bacteria|p__Actinobacteria|c__Actinobacteria|o__Actinomycetales|f__Microbacteriaceae|g__Agromyces,NCBITaxon_33877,UO:0000187
k__Bacteria|p__Actinobacteria|c__Actinobacteria|o__Actinomycetales|f__Microbacteriaceae|g__Agromyces|s__Agromyces_unclassified,NCBITaxon_2639701,UO:0000187
k__Bacteria|p__Actinobacteria|c__Actinobacteria|o__Actinomycetales|f__Microbacteriaceae|g__Curtobacterium,NCBITaxon_2034,UO:0000187
k__Bacteria|p__Actinobacteria|c__Actinobacteria|o__Actinomycetales|f__Microbacteriaceae|g__Curtobacterium|s__Curtobacterium_unclassified,NCBITaxon_257496,UO:0000187
k__Bacteria|p__Actinobacteria|c__Actinobacteria|o__Actinomycetales|f__Microbacteriaceae|g__Leifsonia,NCBITaxon_110932,UO:0000187
k__Bacteria|p__Actinobacteria|c__Actinobacteria|o__Actinomycetales|f__Microbacteriaceae|g__Leifsonia|s__Leifsonia_unclassified,NCBITaxon_2663824,UO:0000187
k__Bacteria|p__Actinobacteria|c__Actinobacteria|o__Actinomycetales|f__Microbacteriaceae|g__Leucobacter,NCBITaxon_55968,UO:0000187
k__Bacteria|p__Actinobacteria|c__Actinobacteria|o__Actinomycetales|f__Microbacteriaceae|g__Leucobacter|s__Leucobacter_unclassified,NCBITaxon_2621730,UO:0000187
k__Bacteria|p__Actinobacteria|c__Actinobacteria|o__Actinomycetales|f__Micrococcaceae,NCBITaxon_1268,UO:0000187
k__Bacteria|p__Actinobacteria|c__Actinobacteria|o__Actinomycetales|f__Micrococcaceae|g__Arthrobacter,NCBITaxon_1663,UO:0000187
k__Bacteria|p__Actinobacteria|c__Actinobacteria|o__Actinomycetales|f__Micrococcaceae|g__Arthrobacter|s__Arthrobacter_arilaitensis,NCBITaxon_1255700,UO:0000187
k__Bacteria|p__Actinobacteria|c__Actinobacteria|o__Actinomycetales|f__Micrococcaceae|g__Arthrobacter|s__Arthrobacter_aurescens,NCBITaxon_43663,UO:0000187
k__Bacteria|p__Actinobacteria|c__Actinobacteria|o__Actinomycetales|f__Micrococcaceae|g__Arthrobacter|s__Arthrobacter_chlorophenolicus,NCBITaxon_85085,UO:0000187
k__Bacteria|p__Actinobacteria|c__Actinobacteria|o__Actinomycetales|f__Micrococcaceae|g__Kocuria,NCBITaxon_57493,UO:0000187
k__Bacteria|p__Actinobacteria|c__Actinobacteria|o__Actinomycetales|f__Micrococcaceae|g__Kocuria|s__Kocuria_rhizophila,NCBITaxon_72000,UO:0000187
k__Bacteria|p__Actinobacteria|c__Actinobacteria|o__Actinomycetales|f__Micrococcaceae|g__Kocuria|s__Kocuria_unclassified,NCBITaxon_2649579,UO:0000187
k__Bacteria|p__Actinobacteria|c__Actinobacteria|o__Actinomycetales|f__Micrococcaceae|g__Micrococcus,NCBITaxon_1269,UO:0000187
k__Bacteria|p__Actinobacteria|c__Actinobacteria|o__Actinomycetales|f__Micrococcaceae|g__Micrococcus|s__Micrococcus_luteus,NCBITaxon_1270,UO:0000187
k__Bacteria|p__Actinobacteria|c__Actinobacteria|o__Actinomycetales|f__Micrococcaceae|g__Rothia,NCBITaxon_32207,UO:0000187
k__Bacteria|p__Actinobacteria|c__Actinobacteria|o__Actinomycetales|f__Micrococcaceae|g__Rothia|s__Rothia_aeria,NCBITaxon_172042,UO:0000187
k__Bacteria|p__Actinobacteria|c__Actinobacteria|o__Actinomycetales|f__Micrococcaceae|g__Rothia|s__Rothia_dentocariosa,NCBITaxon_2047,UO:0000187
k__Bacteria|p__Actinobacteria|c__Actinobacteria|o__Actinomycetales|f__Micrococcaceae|g__Rothia|s__Rothia_mucilaginosa,NCBITaxon_43675,UO:0000187
k__Bacteria|p__Actinobacteria|c__Actinobacteria|o__Actinomycetales|f__Micromonosporaceae,NCBITaxon_28056,UO:0000187
k__Bacteria|p__Actinobacteria|c__Actinobacteria|o__Actinomycetales|f__Micromonosporaceae|g__Actinoplanes,NCBITaxon_1865,UO:0000187
k__Bacteria|p__Actinobacteria|c__Actinobacteria|o__Actinomycetales|f__Micromonosporaceae|g__Actinoplanes|s__Actinoplanes_unclassified,NCBITaxon_2626549,UO:0000187
k__Bacteria|p__Actinobacteria|c__Actinobacteria|o__Actinomycetales|f__Micromonosporaceae|g__Salinispora,NCBITaxon_168694,UO:0000187
k__Bacteria|p__Actinobacteria|c__Actinobacteria|o__Actinomycetales|f__Micromonosporaceae|g__Salinispora|s__Salinispora_unclassified,NCBITaxon_2623918,UO:0000187
k__Bacteria|p__Actinobacteria|c__Actinobacteria|o__Actinomycetales|f__Nocardiaceae,NCBITaxon_85025,UO:0000187
k__Bacteria|p__Actinobacteria|c__Actinobacteria|o__Actinomycetales|f__Nocardiaceae|g__Rhodococcus,NCBITaxon_1827,UO:0000187
k__Bacteria|p__Actinobacteria|c__Actinobacteria|o__Actinomycetales|f__Nocardiaceae|g__Rhodococcus|s__Rhodococcus_erythropolis,NCBITaxon_1833,UO:0000187
k__Bacteria|p__Actinobacteria|c__Actinobacteria|o__Actinomycetales|f__Nocardiaceae|g__Rhodococcus|s__Rhodococcus_imtechensis,NCBITaxon_262776,UO:0000187
k__Bacteria|p__Actinobacteria|c__Actinobacteria|o__Actinomycetales|f__Nocardiaceae|g__Rhodococcus|s__Rhodococcus_jostii,NCBITaxon_132919,UO:0000187
k__Bacteria|p__Actinobacteria|c__Actinobacteria|o__Actinomycetales|f__Nocardiaceae|g__Rhodococcus|s__Rhodococcus_opacus,NCBITaxon_37919,UO:0000187
k__Bacteria|p__Actinobacteria|c__Actinobacteria|o__Actinomycetales|f__Nocardiaceae|g__Rhodococcus|s__Rhodococcus_qingshengii,NCBITaxon_334542,UO:0000187
k__Bacteria|p__Actinobacteria|c__Actinobacteria|o__Actinomycetales|f__Nocardiaceae|g__Rhodococcus|s__Rhodococcus_wratislaviensis,NCBITaxon_44752,UO:0000187
k__Bacteria|p__Actinobacteria|c__Actinobacteria|o__Actinomycetales|f__Nocardioidaceae,NCBITaxon_85015,UO:0000187
k__Bacteria|p__Actinobacteria|c__Actinobacteria|o__Actinomycetales|f__Nocardioidaceae|g__Nocardioides,NCBITaxon_1839,UO:0000187
k__Bacteria|p__Actinobacteria|c__Actinobacteria|o__Actinomycetales|f__Nocardioidaceae|g__Nocardioides|s__Nocardioides_unclassified,NCBITaxon_2615069,UO:0000187
k__Bacteria|p__Actinobacteria|c__Actinobacteria|o__Actinomycetales|f__Promicromonosporaceae,NCBITaxon_85017,UO:0000187
k__Bacteria|p__Actinobacteria|c__Actinobacteria|o__Actinomycetales|f__Promicromonosporaceae|g__Promicromonosporaceae_unclassified,NCBITaxon_305063,UO:0000187
k__Bacteria|p__Actinobacteria|c__Actinobacteria|o__Actinomycetales|f__Propionibacteriaceae,NCBITaxon_31957,UO:0000187
k__Bacteria|p__Actinobacteria|c__Actinobacteria|o__Actinomycetales|f__Propionibacteriaceae|g__Propionibacteriaceae_unclassified,NCBITaxon_185283,UO:0000187
k__Bacteria|p__Actinobacteria|c__Actinobacteria|o__Actinomycetales|f__Propionibacteriaceae|g__Propionibacterium,NCBITaxon_1743,UO:0000187
k__Bacteria|p__Actinobacteria|c__Actinobacteria|o__Actinomycetales|f__Propionibacteriaceae|g__Propionibacterium|s__Propionibacterium_acnes,NCBITaxon_1747,UO:0000187
k__Bacteria|p__Actinobacteria|c__Actinobacteria|o__Actinomycetales|f__Propionibacteriaceae|g__Propionibacterium|s__Propionibacterium_granulosum,NCBITaxon_33011,UO:0000187
k__Bacteria|p__Actinobacteria|c__Actinobacteria|o__Actinomycetales|f__Pseudonocardiaceae,NCBITaxon_2070,UO:0000187
k__Bacteria|p__Actinobacteria|c__Actinobacteria|o__Actinomycetales|f__Pseudonocardiaceae|g__Pseudonocardia,NCBITaxon_1847,UO:0000187
k__Bacteria|p__Actinobacteria|c__Actinobacteria|o__Actinomycetales|f__Pseudonocardiaceae|g__Pseudonocardia|s__Pseudonocardia_dioxanivorans,NCBITaxon_240495,UO:0000187
k__Bacteria|p__Actinobacteria|c__Actinobacteria|o__Actinomycetales|f__Pseudonocardiaceae|g__Pseudonocardia|s__Pseudonocardia_unclassified,NCBITaxon_2619320,UO:0000187
k__Bacteria|p__Actinobacteria|c__Actinobacteria|o__Actinomycetales|f__Sporichthyaceae,NCBITaxon_85033,UO:0000187
k__Bacteria|p__Actinobacteria|c__Actinobacteria|o__Actinomycetales|f__Sporichthyaceae|g__Sporichthya,NCBITaxon_35750,UO:0000187
k__Bacteria|p__Actinobacteria|c__Actinobacteria|o__Actinomycetales|f__Sporichthyaceae|g__Sporichthya|s__Sporichthya_polymorpha,NCBITaxon_35751,UO:0000187
k__Bacteria|p__Actinobacteria|c__Actinobacteria|o__Actinomycetales|f__Streptomycetaceae,NCBITaxon_2062,UO:0000187
k__Bacteria|p__Actinobacteria|c__Actinobacteria|o__Actinomycetales|f__Streptomycetaceae|g__Streptomyces,NCBITaxon_1883,UO:0000187
k__Bacteria|p__Actinobacteria|c__Actinobacteria|o__Actinomycetales|f__Streptomycetaceae|g__Streptomyces|s__Streptomyces_bottropensis,NCBITaxon_42235,UO:0000187
k__Bacteria|p__Actinobacteria|c__Actinobacteria|o__Actinomycetales|f__Streptomycetaceae|g__Streptomyces|s__Streptomyces_chartreusis,NCBITaxon_1969,UO:0000187
k__Bacteria|p__Actinobacteria|c__Actinobacteria|o__Actinomycetales|f__Streptomycetaceae|g__Streptomyces|s__Streptomyces_scabiei,NCBITaxon_1930,UO:0000187
k__Bacteria|p__Actinobacteria|c__Actinobacteria|o__Actinomycetales|f__Thermomonosporaceae,NCBITaxon_2012,UO:0000187
k__Bacteria|p__Actinobacteria|c__Actinobacteria|o__Actinomycetales|f__Thermomonosporaceae|g__Thermomonosporaceae_unclassified,NCBITaxon_116542,UO:0000187
k__Bacteria|p__Actinobacteria|c__Actinobacteria|o__Bifidobacteriales,NCBITaxon_85004,UO:0000187
k__Bacteria|p__Actinobacteria|c__Actinobacteria|o__Bifidobacteriales|f__Bifidobacteriaceae,NCBITaxon_31953,UO:0000187
k__Bacteria|p__Actinobacteria|c__Actinobacteria|o__Bifidobacteriales|f__Bifidobacteriaceae|g__Gardnerella,NCBITaxon_2701,UO:0000187
k__Bacteria|p__Actinobacteria|c__Actinobacteria|o__Bifidobacteriales|f__Bifidobacteriaceae|g__Gardnerella|s__Gardnerella_vaginalis,NCBITaxon_2702,UO:0000187
k__Bacteria|p__Actinobacteria|c__Actinobacteria|o__Coriobacteriales,NCBITaxon_84999,UO:0000187
k__Bacteria|p__Actinobacteria|c__Actinobacteria|o__Coriobacteriales|f__Coriobacteriaceae,NCBITaxon_84107,UO:0000187
k__Bacteria|p__Actinobacteria|c__Actinobacteria|o__Coriobacteriales|f__Coriobacteriaceae|g__Atopobium,NCBITaxon_1380,UO:0000187
k__Bacteria|p__Actinobacteria|c__Actinobacteria|o__Coriobacteriales|f__Coriobacteriaceae|g__Atopobium|s__Atopobium_vaginae,NCBITaxon_82135,UO:0000187
k__Bacteria|p__Actinobacteria|c__Actinobacteria|o__Solirubrobacterales,NCBITaxon_588673,UO:0000187
k__Bacteria|p__Actinobacteria|c__Actinobacteria|o__Solirubrobacterales|f__Solirubrobacterales_unclassified,NCBITaxon_1363568,UO:0000187
k__Bacteria|p__Bacteroidetes,NCBITaxon_976,UO:0000187
k__Bacteria|p__Bacteroidetes|c__Bacteroidia,NCBITaxon_200643,UO:0000187
k__Bacteria|p__Bacteroidetes|c__Bacteroidia|o__Bacteroidales,NCBITaxon_171549,UO:0000187
k__Bacteria|p__Bacteroidetes|c__Bacteroidia|o__Bacteroidales|f__Prevotellaceae,NCBITaxon_171552,UO:0000187
k__Bacteria|p__Bacteroidetes|c__Bacteroidia|o__Bacteroidales|f__Prevotellaceae|g__Prevotella,NCBITaxon_838,UO:0000187
k__Bacteria|p__Bacteroidetes|c__Bacteroidia|o__Bacteroidales|f__Prevotellaceae|g__Prevotella|s__Prevotella_bivia,NCBITaxon_28125,UO:0000187
k__Bacteria|p__Bacteroidetes|c__Bacteroidia|o__Bacteroidales|f__Prevotellaceae|g__Prevotella|s__Prevotella_disiens,NCBITaxon_28130,UO:0000187
k__Bacteria|p__Bacteroidetes|c__Bacteroidia|o__Bacteroidales|f__Prevotellaceae|g__Prevotella|s__Prevotella_melaninogenica,NCBITaxon_28132,UO:0000187
k__Bacteria|p__Bacteroidetes|c__Bacteroidia|o__Bacteroidales|f__Prevotellaceae|g__Prevotella|s__Prevotella_nigrescens,NCBITaxon_28133,UO:0000187
k__Bacteria|p__Bacteroidetes|c__Bacteroidia|o__Bacteroidales|f__Prevotellaceae|g__Prevotella|s__Prevotella_oris,NCBITaxon_28135,UO:0000187
k__Bacteria|p__Bacteroidetes|c__Cytophagia,NCBITaxon_768503,UO:0000187
k__Bacteria|p__Bacteroidetes|c__Cytophagia|o__Cytophagales,NCBITaxon_768507,UO:0000187
k__Bacteria|p__Bacteroidetes|c__Cytophagia|o__Cytophagales|f__Cytophagaceae,NCBITaxon_89373,UO:0000187
k__Bacteria|p__Bacteroidetes|c__Cytophagia|o__Cytophagales|f__Cytophagaceae|g__Cytophaga,NCBITaxon_978,UO:0000187
k__Bacteria|p__Bacteroidetes|c__Cytophagia|o__Cytophagales|f__Cytophagaceae|g__Cytophaga|s__Cytophaga_unclassified,NCBITaxon_2633481,UO:0000187
k__Bacteria|p__Bacteroidetes|c__Cytophagia|o__Cytophagales|f__Cytophagaceae|g__Dyadobacter,NCBITaxon_120831,UO:0000187
k__Bacteria|p__Bacteroidetes|c__Cytophagia|o__Cytophagales|f__Cytophagaceae|g__Dyadobacter|s__Dyadobacter_fermentans,NCBITaxon_94254,UO:0000187
k__Bacteria|p__Bacteroidetes|c__Cytophagia|o__Cytophagales|f__Cytophagaceae|g__Dyadobacter|s__Dyadobacter_unclassified,NCBITaxon_2625061,UO:0000187
k__Bacteria|p__Bacteroidetes|c__Cytophagia|o__Cytophagales|f__Cytophagaceae|g__Hymenobacter,NCBITaxon_89966,UO:0000187
k__Bacteria|p__Bacteroidetes|c__Cytophagia|o__Cytophagales|f__Cytophagaceae|g__Hymenobacter|s__Hymenobacter_unclassified,NCBITaxon_2615202,UO:0000187
k__Bacteria|p__Bacteroidetes|c__Cytophagia|o__Cytophagales|f__Cytophagaceae|g__Runella,NCBITaxon_105,UO:0000187
k__Bacteria|p__Bacteroidetes|c__Cytophagia|o__Cytophagales|f__Cytophagaceae|g__Runella|s__Runella_slithyformis,NCBITaxon_106,UO:0000187
k__Bacteria|p__Bacteroidetes|c__Flavobacteriia,NCBITaxon_117743,UO:0000187
k__Bacteria|p__Bacteroidetes|c__Flavobacteriia|o__Flavobacteriales,NCBITaxon_200644,UO:0000187
k__Bacteria|p__Bacteroidetes|c__Flavobacteriia|o__Flavobacteriales|f__Flavobacteriaceae,NCBITaxon_49546,UO:0000187
k__Bacteria|p__Bacteroidetes|c__Flavobacteriia|o__Flavobacteriales|f__Flavobacteriaceae|g__Capnocytophaga,NCBITaxon_1016,UO:0000187
k__Bacteria|p__Bacteroidetes|c__Flavobacteriia|o__Flavobacteriales|f__Flavobacteriaceae|g__Capnocytophaga|s__Capnocytophaga_unclassified,NCBITaxon_2640652,UO:0000187
k__Bacteria|p__Bacteroidetes|c__Flavobacteriia|o__Flavobacteriales|f__Flavobacteriaceae|g__Chryseobacterium,NCBITaxon_59732,UO:0000187
k__Bacteria|p__Bacteroidetes|c__Flavobacteriia|o__Flavobacteriales|f__Flavobacteriaceae|g__Chryseobacterium|s__Chryseobacterium_unclassified,NCBITaxon_2593645,UO:0000187
k__Bacteria|p__Bacteroidetes|c__Flavobacteriia|o__Flavobacteriales|f__Flavobacteriaceae|g__Flavobacterium,NCBITaxon_237,UO:0000187
k__Bacteria|p__Bacteroidetes|c__Flavobacteriia|o__Flavobacteriales|f__Flavobacteriaceae|g__Flavobacterium|s__Flavobacterium_johnsoniae,NCBITaxon_986,UO:0000187
k__Bacteria|p__Bacteroidetes|c__Flavobacteriia|o__Flavobacteriales|f__Flavobacteriaceae|g__Myroides,NCBITaxon_76831,UO:0000187
k__Bacteria|p__Bacteroidetes|c__Flavobacteriia|o__Flavobacteriales|f__Flavobacteriaceae|g__Myroides|s__Myroides_unclassified,NCBITaxon_2642485,UO:0000187
k__Bacteria|p__Bacteroidetes|c__Flavobacteriia|o__Flavobacteriales|f__Flavobacteriaceae|g__Riemerella,NCBITaxon_34084,UO:0000187
k__Bacteria|p__Bacteroidetes|c__Flavobacteriia|o__Flavobacteriales|f__Flavobacteriaceae|g__Riemerella|s__Riemerella_unclassified,NCBITaxon_2621199,UO:0000187
k__Bacteria|p__Bacteroidetes|c__Sphingobacteriia,NCBITaxon_117747,UO:0000187
k__Bacteria|p__Bacteroidetes|c__Sphingobacteriia|o__Sphingobacteriales,NCBITaxon_200666,UO:0000187
k__Bacteria|p__Bacteroidetes|c__Sphingobacteriia|o__Sphingobacteriales|f__Sphingobacteriaceae,NCBITaxon_84566,UO:0000187
k__Bacteria|p__Bacteroidetes|c__Sphingobacteriia|o__Sphingobacteriales|f__Sphingobacteriaceae|g__Pedobacter,NCBITaxon_84567,UO:0000187
k__Bacteria|p__Bacteroidetes|c__Sphingobacteriia|o__Sphingobacteriales|f__Sphingobacteriaceae|g__Pedobacter|s__Pedobacter_unclassified,NCBITaxon_2628915,UO:0000187
k__Bacteria|p__Bacteroidetes|c__Sphingobacteriia|o__Sphingobacteriales|f__Sphingobacteriaceae|g__Sphingobacterium,NCBITaxon_28453,UO:0000187
k__Bacteria|p__Bacteroidetes|c__Sphingobacteriia|o__Sphingobacteriales|f__Sphingobacteriaceae|g__Sphingobacterium|s__Sphingobacterium_unclassified,NCBITaxon_2609468,UO:0000187
k__Bacteria|p__Bacteroidetes|c__Sphingobacteriia|o__Sphingobacteriales|f__Sphingobacteriales_noname,NCBITaxon_1159429,UO:0000187
k__Bacteria|p__Bacteroidetes|c__Sphingobacteriia|o__Sphingobacteriales|f__Sphingobacteriales_noname|g__Niabella,NCBITaxon_379899,UO:0000187
k__Bacteria|p__Bacteroidetes|c__Sphingobacteriia|o__Sphingobacteriales|f__Sphingobacteriales_noname|g__Niabella|s__Niabella_unclassified,NCBITaxon_2646634,UO:0000187
k__Bacteria|p__Chloroflexi,NCBITaxon_200795,UO:0000187
k__Bacteria|p__Chloroflexi|c__Chloroflexi,NCBITaxon_32061,UO:0000187
k__Bacteria|p__Chloroflexi|c__Chloroflexi|o__Herpetosiphonales,NCBITaxon_189772,UO:0000187
k__Bacteria|p__Chloroflexi|c__Chloroflexi|o__Herpetosiphonales|f__Herpetosiphonaceae,NCBITaxon_189773,UO:0000187
k__Bacteria|p__Chloroflexi|c__Chloroflexi|o__Herpetosiphonales|f__Herpetosiphonaceae|g__Herpetosiphon,NCBITaxon_64,UO:0000187
k__Bacteria|p__Chloroflexi|c__Chloroflexi|o__Herpetosiphonales|f__Herpetosiphonaceae|g__Herpetosiphon|s__Herpetosiphon_aurantiacus,NCBITaxon_65,UO:0000187
k__Bacteria|p__Chloroflexi|c__Thermomicrobia,NCBITaxon_189775,UO:0000187
k__Bacteria|p__Chloroflexi|c__Thermomicrobia|o__Sphaerobacterales,NCBITaxon_85001,UO:0000187
k__Bacteria|p__Chloroflexi|c__Thermomicrobia|o__Sphaerobacterales|f__Sphaerobacteraceae,NCBITaxon_85002,UO:0000187
k__Bacteria|p__Chloroflexi|c__Thermomicrobia|o__Sphaerobacterales|f__Sphaerobacteraceae|g__Sphaerobacter,NCBITaxon_2056,UO:0000187
k__Bacteria|p__Chloroflexi|c__Thermomicrobia|o__Sphaerobacterales|f__Sphaerobacteraceae|g__Sphaerobacter|s__Sphaerobacter_thermophilus,NCBITaxon_2057,UO:0000187
k__Bacteria|p__Deinococcus_Thermus,NCBITaxon_1297,UO:0000187
k__Bacteria|p__Deinococcus_Thermus|c__Deinococci,NCBITaxon_188787,UO:0000187
k__Bacteria|p__Deinococcus_Thermus|c__Deinococci|o__Deinococcales,NCBITaxon_118964,UO:0000187
k__Bacteria|p__Deinococcus_Thermus|c__Deinococci|o__Deinococcales|f__Deinococcaceae,NCBITaxon_183710,UO:0000187
k__Bacteria|p__Deinococcus_Thermus|c__Deinococci|o__Deinococcales|f__Deinococcaceae|g__Deinococcus,NCBITaxon_1298,UO:0000187
k__Bacteria|p__Deinococcus_Thermus|c__Deinococci|o__Deinococcales|f__Deinococcaceae|g__Deinococcus|s__Deinococcus_unclassified,NCBITaxon_2623546,UO:0000187
k__Bacteria|p__Deinococcus_Thermus|c__Deinococci|o__Deinococcales|f__Deinococcales_unclassified,NCBITaxon_2478478,UO:0000187
k__Bacteria|p__Deinococcus_Thermus|c__Deinococci|o__Thermales,NCBITaxon_68933,UO:0000187
k__Bacteria|p__Deinococcus_Thermus|c__Deinococci|o__Thermales|f__Thermaceae,NCBITaxon_188786,UO:0000187
k__Bacteria|p__Deinococcus_Thermus|c__Deinococci|o__Thermales|f__Thermaceae|g__Thermus,NCBITaxon_270,UO:0000187
k__Bacteria|p__Deinococcus_Thermus|c__Deinococci|o__Thermales|f__Thermaceae|g__Thermus|s__Thermus_thermophilus,NCBITaxon_274,UO:0000187
k__Bacteria|p__Deinococcus_Thermus|c__Deinococci|o__Thermales|f__Thermaceae|g__Thermus|s__Thermus_unclassified,NCBITaxon_2619321,UO:0000187
k__Bacteria|p__Firmicutes,NCBITaxon_1239,UO:0000187
k__Bacteria|p__Firmicutes|c__Bacilli,NCBITaxon_91061,UO:0000187
k__Bacteria|p__Firmicutes|c__Bacilli|o__Bacillales,NCBITaxon_1385,UO:0000187
k__Bacteria|p__Firmicutes|c__Bacilli|o__Bacillales|f__Bacillaceae,NCBITaxon_186817,UO:0000187
k__Bacteria|p__Firmicutes|c__Bacilli|o__Bacillales|f__Bacillaceae|g__Bacillus,NCBITaxon_1386,UO:0000187
k__Bacteria|p__Firmicutes|c__Bacilli|o__Bacillales|f__Bacillaceae|g__Bacillus|s__Bacillus_megaterium,NCBITaxon_1404,UO:0000187
k__Bacteria|p__Firmicutes|c__Bacilli|o__Bacillales|f__Bacillales_noname,NCBITaxon_186825,UO:0000187
k__Bacteria|p__Firmicutes|c__Bacilli|o__Bacillales|f__Bacillales_noname|g__Exiguobacterium,NCBITaxon_33986,UO:0000187
k__Bacteria|p__Firmicutes|c__Bacilli|o__Bacillales|f__Bacillales_noname|g__Exiguobacterium|s__Exiguobacterium_sibiricum,NCBITaxon_332410,UO:0000187
k__Bacteria|p__Firmicutes|c__Bacilli|o__Bacillales|f__Bacillales_noname|g__Exiguobacterium|s__Exiguobacterium_unclassified,NCBITaxon_2644629,UO:0000187
k__Bacteria|p__Firmicutes|c__Bacilli|o__Bacillales|f__Bacillales_noname|g__Gemella,NCBITaxon_1378,UO:0000187
k__Bacteria|p__Firmicutes|c__Bacilli|o__Bacillales|f__Bacillales_noname|g__Gemella|s__Gemella_unclassified,NCBITaxon_2624949,UO:0000187
k__Bacteria|p__Firmicutes|c__Bacilli|o__Bacillales|f__Staphylococcaceae,NCBITaxon_90964,UO:0000187
k__Bacteria|p__Firmicutes|c__Bacilli|o__Bacillales|f__Staphylococcaceae|g__Staphylococcus,NCBITaxon_1279,UO:0000187
k__Bacteria|p__Firmicutes|c__Bacilli|o__Bacillales|f__Staphylococcaceae|g__Staphylococcus|s__Staphylococcus_aureus,NCBITaxon_1280,UO:0000187
k__Bacteria|p__Firmicutes|c__Bacilli|o__Bacillales|f__Staphylococcaceae|g__Staphylococcus|s__Staphylococcus_caprae_capitis,NCBITaxon_29388,UO:0000187
k__Bacteria|p__Firmicutes|c__Bacilli|o__Bacillales|f__Staphylococcaceae|g__Staphylococcus|s__Staphylococcus_carnosus,NCBITaxon_1281,UO:0000187
k__Bacteria|p__Firmicutes|c__Bacilli|o__Bacillales|f__Staphylococcaceae|g__Staphylococcus|s__Staphylococcus_epidermidis,NCBITaxon_1282,UO:0000187
k__Bacteria|p__Firmicutes|c__Bacilli|o__Bacillales|f__Staphylococcaceae|g__Staphylococcus|s__Staphylococcus_haemolyticus,NCBITaxon_1283,UO:0000187
k__Bacteria|p__Firmicutes|c__Bacilli|o__Bacillales|f__Staphylococcaceae|g__Staphylococcus|s__Staphylococcus_hominis,NCBITaxon_1290,UO:0000187
k__Bacteria|p__Firmicutes|c__Bacilli|o__Bacillales|f__Staphylococcaceae|g__Staphylococcus|s__Staphylococcus_saprophyticus,NCBITaxon_29385,UO:0000187
k__Bacteria|p__Firmicutes|c__Bacilli|o__Bacillales|f__Staphylococcaceae|g__Staphylococcus|s__Staphylococcus_warneri,NCBITaxon_1292,UO:0000187
k__Bacteria|p__Firmicutes|c__Bacilli|o__Lactobacillales,NCBITaxon_186826,UO:0000187
k__Bacteria|p__Firmicutes|c__Bacilli|o__Lactobacillales|f__Aerococcaceae,NCBITaxon_186827,UO:0000187
k__Bacteria|p__Firmicutes|c__Bacilli|o__Lactobacillales|f__Aerococcaceae|g__Aerococcus,NCBITaxon_1375,UO:0000187
k__Bacteria|p__Firmicutes|c__Bacilli|o__Lactobacillales|f__Aerococcaceae|g__Aerococcus|s__Aerococcus_viridans,NCBITaxon_1377,UO:0000187
k__Bacteria|p__Firmicutes|c__Bacilli|o__Lactobacillales|f__Carnobacteriaceae,NCBITaxon_186828,UO:0000187
k__Bacteria|p__Firmicutes|c__Bacilli|o__Lactobacillales|f__Carnobacteriaceae|g__Dolosigranulum,NCBITaxon_29393,UO:0000187
k__Bacteria|p__Firmicutes|c__Bacilli|o__Lactobacillales|f__Carnobacteriaceae|g__Dolosigranulum|s__Dolosigranulum_pigrum,NCBITaxon_29394,UO:0000187
k__Bacteria|p__Firmicutes|c__Bacilli|o__Lactobacillales|f__Carnobacteriaceae|g__Granulicatella,NCBITaxon_117563,UO:0000187
k__Bacteria|p__Firmicutes|c__Bacilli|o__Lactobacillales|f__Carnobacteriaceae|g__Granulicatella|s__Granulicatella_unclassified,NCBITaxon_2630493,UO:0000187
k__Bacteria|p__Firmicutes|c__Bacilli|o__Lactobacillales|f__Lactobacillaceae,NCBITaxon_33958,UO:0000187
k__Bacteria|p__Firmicutes|c__Bacilli|o__Lactobacillales|f__Lactobacillaceae|g__Lactobacillus,NCBITaxon_1578,UO:0000187
k__Bacteria|p__Firmicutes|c__Bacilli|o__Lactobacillales|f__Lactobacillaceae|g__Lactobacillus|s__Lactobacillus_crispatus,NCBITaxon_47770,UO:0000187
k__Bacteria|p__Firmicutes|c__Bacilli|o__Lactobacillales|f__Lactobacillaceae|g__Lactobacillus|s__Lactobacillus_curvatus,NCBITaxon_28038,UO:0000187
k__Bacteria|p__Firmicutes|c__Bacilli|o__Lactobacillales|f__Lactobacillaceae|g__Lactobacillus|s__Lactobacillus_delbrueckii,NCBITaxon_1584,UO:0000187
k__Bacteria|p__Firmicutes|c__Bacilli|o__Lactobacillales|f__Lactobacillaceae|g__Lactobacillus|s__Lactobacillus_helveticus,NCBITaxon_1587,UO:0000187
k__Bacteria|p__Firmicutes|c__Bacilli|o__Lactobacillales|f__Lactobacillaceae|g__Lactobacillus|s__Lactobacillus_iners,NCBITaxon_147802,UO:0000187
k__Bacteria|p__Firmicutes|c__Bacilli|o__Lactobacillales|f__Lactobacillaceae|g__Lactobacillus|s__Lactobacillus_reuteri,NCBITaxon_1598,UO:0000187
k__Bacteria|p__Firmicutes|c__Bacilli|o__Lactobacillales|f__Lactobacillaceae|g__Lactobacillus|s__Lactobacillus_sakei,NCBITaxon_1599,UO:0000187
k__Bacteria|p__Firmicutes|c__Bacilli|o__Lactobacillales|f__Leuconostocaceae,NCBITaxon_81850,UO:0000187
k__Bacteria|p__Firmicutes|c__Bacilli|o__Lactobacillales|f__Leuconostocaceae|g__Leuconostoc,NCBITaxon_1243,UO:0000187
k__Bacteria|p__Firmicutes|c__Bacilli|o__Lactobacillales|f__Leuconostocaceae|g__Leuconostoc|s__Leuconostoc_mesenteroides,NCBITaxon_1245,UO:0000187
k__Bacteria|p__Firmicutes|c__Bacilli|o__Lactobacillales|f__Streptococcaceae,NCBITaxon_1300,UO:0000187
k__Bacteria|p__Firmicutes|c__Bacilli|o__Lactobacillales|f__Streptococcaceae|g__Lactococcus,NCBITaxon_1357,UO:0000187
k__Bacteria|p__Firmicutes|c__Bacilli|o__Lactobacillales|f__Streptococcaceae|g__Lactococcus|s__Lactococcus_lactis,NCBITaxon_1358,UO:0000187
k__Bacteria|p__Firmicutes|c__Bacilli|o__Lactobacillales|f__Streptococcaceae|g__Streptococcus,NCBITaxon_1301,UO:0000187
k__Bacteria|p__Firmicutes|c__Bacilli|o__Lactobacillales|f__Streptococcaceae|g__Streptococcus|s__Streptococcus_australis,NCBITaxon_113107,UO:0000187
k__Bacteria|p__Firmicutes|c__Bacilli|o__Lactobacillales|f__Streptococcaceae|g__Streptococcus|s__Streptococcus_dysgalactiae,NCBITaxon_1334,UO:0000187
k__Bacteria|p__Firmicutes|c__Bacilli|o__Lactobacillales|f__Streptococcaceae|g__Streptococcus|s__Streptococcus_infantis,NCBITaxon_68892,UO:0000187
k__Bacteria|p__Firmicutes|c__Bacilli|o__Lactobacillales|f__Streptococcaceae|g__Streptococcus|s__Streptococcus_intermedius,NCBITaxon_1338,UO:0000187
k__Bacteria|p__Firmicutes|c__Bacilli|o__Lactobacillales|f__Streptococcaceae|g__Streptococcus|s__Streptococcus_mitis_oralis_pneumoniae,NCBITaxon_1313,UO:0000187
k__Bacteria|p__Firmicutes|c__Bacilli|o__Lactobacillales|f__Streptococcaceae|g__Streptococcus|s__Streptococcus_parasanguinis,NCBITaxon_1318,UO:0000187
k__Bacteria|p__Firmicutes|c__Bacilli|o__Lactobacillales|f__Streptococcaceae|g__Streptococcus|s__Streptococcus_parauberis,NCBITaxon_1348,UO:0000187
k__Bacteria|p__Firmicutes|c__Bacilli|o__Lactobacillales|f__Streptococcaceae|g__Streptococcus|s__Streptococcus_salivarius,NCBITaxon_1304,UO:0000187
k__Bacteria|p__Firmicutes|c__Bacilli|o__Lactobacillales|f__Streptococcaceae|g__Streptococcus|s__Streptococcus_sanguinis,NCBITaxon_1305,UO:0000187
k__Bacteria|p__Firmicutes|c__Bacilli|o__Lactobacillales|f__Streptococcaceae|g__Streptococcus|s__Streptococcus_thermophilus,NCBITaxon_1308,UO:0000187
k__Bacteria|p__Firmicutes|c__Bacilli|o__Lactobacillales|f__Streptococcaceae|g__Streptococcus|s__Streptococcus_vestibularis,NCBITaxon_1343,UO:0000187
k__Bacteria|p__Firmicutes|c__Clostridia,NCBITaxon_186801,UO:0000187
k__Bacteria|p__Firmicutes|c__Clostridia|o__Clostridiales,NCBITaxon_186802,UO:0000187
k__Bacteria|p__Firmicutes|c__Clostridia|o__Clostridiales|f__Clostridiales_Family_XI_Incertae_Sedis,NCBITaxon_538999,UO:0000187
k__Bacteria|p__Firmicutes|c__Clostridia|o__Clostridiales|f__Clostridiales_Family_XI_Incertae_Sedis|g__Finegoldia,NCBITaxon_150022,UO:0000187
k__Bacteria|p__Firmicutes|c__Clostridia|o__Clostridiales|f__Clostridiales_Family_XI_Incertae_Sedis|g__Finegoldia|s__Finegoldia_magna,NCBITaxon_1260,UO:0000187
k__Bacteria|p__Firmicutes|c__Clostridia|o__Clostridiales|f__Clostridiales_Family_XI_Incertae_Sedis|g__Parvimonas,NCBITaxon_543311,UO:0000187
k__Bacteria|p__Firmicutes|c__Clostridia|o__Clostridiales|f__Clostridiales_Family_XI_Incertae_Sedis|g__Parvimonas|s__Parvimonas_unclassified,NCBITaxon_1151464,UO:0000187
k__Bacteria|p__Firmicutes|c__Clostridia|o__Clostridiales|f__Eubacteriaceae,NCBITaxon_186806,UO:0000187
k__Bacteria|p__Firmicutes|c__Clostridia|o__Clostridiales|f__Eubacteriaceae|g__Eubacterium,NCBITaxon_1730,UO:0000187
k__Bacteria|p__Firmicutes|c__Clostridia|o__Clostridiales|f__Lachnospiraceae,NCBITaxon_186803,UO:0000187
k__Bacteria|p__Firmicutes|c__Clostridia|o__Clostridiales|f__Lachnospiraceae|g__Blautia,NCBITaxon_572511,UO:0000187
k__Bacteria|p__Firmicutes|c__Clostridia|o__Clostridiales|f__Lachnospiraceae|g__Blautia|s__Ruminococcus_gnavus,NCBITaxon_33038,UO:0000187
k__Bacteria|p__Firmicutes|c__Clostridia|o__Clostridiales|f__Lachnospiraceae|g__Coprococcus,NCBITaxon_33042,UO:0000187
k__Bacteria|p__Firmicutes|c__Clostridia|o__Clostridiales|f__Lachnospiraceae|g__Coprococcus|s__Coprococcus_catus,NCBITaxon_116085,UO:0000187
k__Bacteria|p__Firmicutes|c__Clostridia|o__Clostridiales|f__Ruminococcaceae,NCBITaxon_541000,UO:0000187
k__Bacteria|p__Firmicutes|c__Clostridia|o__Clostridiales|f__Ruminococcaceae|g__Subdoligranulum,NCBITaxon_292632,UO:0000187
k__Bacteria|p__Firmicutes|c__Negativicutes,NCBITaxon_909932,UO:0000187
k__Bacteria|p__Firmicutes|c__Negativicutes|o__Selenomonadales,NCBITaxon_909929,UO:0000187
k__Bacteria|p__Firmicutes|c__Negativicutes|o__Selenomonadales|f__Veillonellaceae,NCBITaxon_31977,UO:0000187
k__Bacteria|p__Firmicutes|c__Negativicutes|o__Selenomonadales|f__Veillonellaceae|g__Dialister,NCBITaxon_39948,UO:0000187
k__Bacteria|p__Firmicutes|c__Negativicutes|o__Selenomonadales|f__Veillonellaceae|g__Dialister|s__Dialister_micraerophilus,NCBITaxon_309120,UO:0000187
k__Bacteria|p__Firmicutes|c__Negativicutes|o__Selenomonadales|f__Veillonellaceae|g__Megamonas,NCBITaxon_158846,UO:0000187
k__Bacteria|p__Firmicutes|c__Negativicutes|o__Selenomonadales|f__Veillonellaceae|g__Megamonas|s__Megamonas_unclassified,NCBITaxon_2638988,UO:0000187
k__Bacteria|p__Firmicutes|c__Negativicutes|o__Selenomonadales|f__Veillonellaceae|g__Veillonella,NCBITaxon_29465,UO:0000187
k__Bacteria|p__Firmicutes|c__Negativicutes|o__Selenomonadales|f__Veillonellaceae|g__Veillonella|s__Veillonella_parvula,NCBITaxon_29466,UO:0000187
k__Bacteria|p__Firmicutes|c__Negativicutes|o__Selenomonadales|f__Veillonellaceae|g__Veillonella|s__Veillonella_unclassified,NCBITaxon_2630086,UO:0000187
k__Bacteria|p__Fusobacteria,NCBITaxon_32066,UO:0000187
k__Bacteria|p__Fusobacteria|c__Fusobacteriia,NCBITaxon_203490,UO:0000187
k__Bacteria|p__Fusobacteria|c__Fusobacteriia|o__Fusobacteriales,NCBITaxon_203491,UO:0000187
k__Bacteria|p__Fusobacteria|c__Fusobacteriia|o__Fusobacteriales|f__Fusobacteriaceae,NCBITaxon_203492,UO:0000187
k__Bacteria|p__Fusobacteria|c__Fusobacteriia|o__Fusobacteriales|f__Fusobacteriaceae|g__Fusobacterium,NCBITaxon_848,UO:0000187
k__Bacteria|p__Fusobacteria|c__Fusobacteriia|o__Fusobacteriales|f__Fusobacteriaceae|g__Fusobacterium|s__Fusobacterium_nucleatum,NCBITaxon_851,UO:0000187
k__Bacteria|p__Gemmatimonadetes,NCBITaxon_142182,UO:0000187
k__Bacteria|p__Gemmatimonadetes|c__Gemmatimonadetes,NCBITaxon_219685,UO:0000187
k__Bacteria|p__Gemmatimonadetes|c__Gemmatimonadetes|o__Gemmatimonadales,NCBITaxon_219686,UO:0000187
k__Bacteria|p__Gemmatimonadetes|c__Gemmatimonadetes|o__Gemmatimonadales|f__Gemmatimonadaceae,NCBITaxon_219687,UO:0000187
k__Bacteria|p__Gemmatimonadetes|c__Gemmatimonadetes|o__Gemmatimonadales|f__Gemmatimonadaceae|g__Gemmatimonas,NCBITaxon_173479,UO:0000187
k__Bacteria|p__Gemmatimonadetes|c__Gemmatimonadetes|o__Gemmatimonadales|f__Gemmatimonadaceae|g__Gemmatimonas|s__Gemmatimonas_aurantiaca,NCBITaxon_173480,UO:0000187
k__Bacteria|p__Nitrospirae,NCBITaxon_40117,UO:0000187
k__Bacteria|p__Nitrospirae|c__Nitrospira,NCBITaxon_203693,UO:0000187
k__Bacteria|p__Nitrospirae|c__Nitrospira|o__Nitrospirales,NCBITaxon_189778,UO:0000187
k__Bacteria|p__Nitrospirae|c__Nitrospira|o__Nitrospirales|f__Nitrospiraceae,NCBITaxon_189779,UO:0000187
k__Bacteria|p__Nitrospirae|c__Nitrospira|o__Nitrospirales|f__Nitrospiraceae|g__Nitrospira,NCBITaxon_1234,UO:0000187
k__Bacteria|p__Nitrospirae|c__Nitrospira|o__Nitrospirales|f__Nitrospiraceae|g__Nitrospira|s__Candidatus_Nitrospira_defluvii,NCBITaxon_330214,UO:0000187
k__Bacteria|p__Proteobacteria,NCBITaxon_1224,UO:0000187
k__Bacteria|p__Proteobacteria|c__Alphaproteobacteria,NCBITaxon_28211,UO:0000187
k__Bacteria|p__Proteobacteria|c__Alphaproteobacteria|o__Caulobacterales,NCBITaxon_204458,UO:0000187
k__Bacteria|p__Proteobacteria|c__Alphaproteobacteria|o__Caulobacterales|f__Caulobacteraceae,NCBITaxon_76892,UO:0000187
k__Bacteria|p__Proteobacteria|c__Alphaproteobacteria|o__Caulobacterales|f__Caulobacteraceae|g__Asticcacaulis,NCBITaxon_76890,UO:0000187
k__Bacteria|p__Proteobacteria|c__Alphaproteobacteria|o__Caulobacterales|f__Caulobacteraceae|g__Asticcacaulis|s__Asticcacaulis_unclassified,NCBITaxon_2628350,UO:0000187
k__Bacteria|p__Proteobacteria|c__Alphaproteobacteria|o__Caulobacterales|f__Caulobacteraceae|g__Brevundimonas,NCBITaxon_41275,UO:0000187
k__Bacteria|p__Proteobacteria|c__Alphaproteobacteria|o__Caulobacterales|f__Caulobacteraceae|g__Brevundimonas|s__Brevundimonas_abyssalis,NCBITaxon_1125965,UO:0000187
k__Bacteria|p__Proteobacteria|c__Alphaproteobacteria|o__Caulobacterales|f__Caulobacteraceae|g__Brevundimonas|s__Brevundimonas_diminuta,NCBITaxon_293,UO:0000187
k__Bacteria|p__Proteobacteria|c__Alphaproteobacteria|o__Caulobacterales|f__Caulobacteraceae|g__Brevundimonas|s__Brevundimonas_unclassified,NCBITaxon_2622653,UO:0000187
k__Bacteria|p__Proteobacteria|c__Alphaproteobacteria|o__Caulobacterales|f__Caulobacteraceae|g__Caulobacter,NCBITaxon_75,UO:0000187
k__Bacteria|p__Proteobacteria|c__Alphaproteobacteria|o__Caulobacterales|f__Caulobacteraceae|g__Caulobacter|s__Caulobacter_unclassified,NCBITaxon_2648921,UO:0000187
k__Bacteria|p__Proteobacteria|c__Alphaproteobacteria|o__Caulobacterales|f__Caulobacteraceae|g__Caulobacter|s__Caulobacter_vibrioides,NCBITaxon_155892,UO:0000187
k__Bacteria|p__Proteobacteria|c__Alphaproteobacteria|o__Caulobacterales|f__Caulobacteraceae|g__Phenylobacterium,NCBITaxon_20,UO:0000187
k__Bacteria|p__Proteobacteria|c__Alphaproteobacteria|o__Caulobacterales|f__Caulobacteraceae|g__Phenylobacterium|s__Phenylobacterium_zucineum,NCBITaxon_284016,UO:0000187
k__Bacteria|p__Proteobacteria|c__Alphaproteobacteria|o__Rhizobiales,NCBITaxon_356,UO:0000187
k__Bacteria|p__Proteobacteria|c__Alphaproteobacteria|o__Rhizobiales|f__Bradyrhizobiaceae,NCBITaxon_41294,UO:0000187
k__Bacteria|p__Proteobacteria|c__Alphaproteobacteria|o__Rhizobiales|f__Bradyrhizobiaceae|g__Afipia,NCBITaxon_1033,UO:0000187
k__Bacteria|p__Proteobacteria|c__Alphaproteobacteria|o__Rhizobiales|f__Bradyrhizobiaceae|g__Afipia|s__Afipia_birgiae,NCBITaxon_151414,UO:0000187
k__Bacteria|p__Proteobacteria|c__Alphaproteobacteria|o__Rhizobiales|f__Bradyrhizobiaceae|g__Afipia|s__Afipia_broomeae,NCBITaxon_56946,UO:0000187
k__Bacteria|p__Proteobacteria|c__Alphaproteobacteria|o__Rhizobiales|f__Bradyrhizobiaceae|g__Afipia|s__Afipia_clevelandensis,NCBITaxon_1034,UO:0000187
k__Bacteria|p__Proteobacteria|c__Alphaproteobacteria|o__Rhizobiales|f__Bradyrhizobiaceae|g__Afipia|s__Afipia_felis,NCBITaxon_1035,UO:0000187
k__Bacteria|p__Proteobacteria|c__Alphaproteobacteria|o__Rhizobiales|f__Bradyrhizobiaceae|g__Afipia|s__Afipia_unclassified,NCBITaxon_2642050,UO:0000187
k__Bacteria|p__Proteobacteria|c__Alphaproteobacteria|o__Rhizobiales|f__Bradyrhizobiaceae|g__Bradyrhizobiaceae_noname,NCBITaxon_81426,UO:0000187
k__Bacteria|p__Proteobacteria|c__Alphaproteobacteria|o__Rhizobiales|f__Bradyrhizobiaceae|g__Bradyrhizobiaceae_noname|s__Bradyrhizobiaceae_bacterium_SG_6C,NCBITaxon_709797,UO:0000187
k__Bacteria|p__Proteobacteria|c__Alphaproteobacteria|o__Rhizobiales|f__Bradyrhizobiaceae|g__Nitrobacter,NCBITaxon_911,UO:0000187
k__Bacteria|p__Proteobacteria|c__Alphaproteobacteria|o__Rhizobiales|f__Bradyrhizobiaceae|g__Nitrobacter|s__Nitrobacter_unclassified,NCBITaxon_2620411,UO:0000187
k__Bacteria|p__Proteobacteria|c__Alphaproteobacteria|o__Rhizobiales|f__Bradyrhizobiaceae|g__Oligotropha,NCBITaxon_40136,UO:0000187
k__Bacteria|p__Proteobacteria|c__Alphaproteobacteria|o__Rhizobiales|f__Bradyrhizobiaceae|g__Oligotropha|s__Oligotropha_carboxidovorans,NCBITaxon_40137,UO:0000187
k__Bacteria|p__Proteobacteria|c__Alphaproteobacteria|o__Rhizobiales|f__Bradyrhizobiaceae|g__Rhodopseudomonas,NCBITaxon_1073,UO:0000187
k__Bacteria|p__Proteobacteria|c__Alphaproteobacteria|o__Rhizobiales|f__Bradyrhizobiaceae|g__Rhodopseudomonas|s__Rhodopseudomonas_palustris,NCBITaxon_1076,UO:0000187
k__Bacteria|p__Proteobacteria|c__Alphaproteobacteria|o__Rhizobiales|f__Bradyrhizobiaceae|g__Rhodopseudomonas|s__Rhodopseudomonas_unclassified,NCBITaxon_2638247,UO:0000187
k__Bacteria|p__Proteobacteria|c__Alphaproteobacteria|o__Rhizobiales|f__Brucellaceae,NCBITaxon_118882,UO:0000187
k__Bacteria|p__Proteobacteria|c__Alphaproteobacteria|o__Rhizobiales|f__Brucellaceae|g__Brucella,NCBITaxon_234,UO:0000187
k__Bacteria|p__Proteobacteria|c__Alphaproteobacteria|o__Rhizobiales|f__Brucellaceae|g__Brucella|s__Brucella_ovis,NCBITaxon_236,UO:0000187
k__Bacteria|p__Proteobacteria|c__Alphaproteobacteria|o__Rhizobiales|f__Brucellaceae|g__Brucella|s__Brucella_pinnipedialis,NCBITaxon_120576,UO:0000187
k__Bacteria|p__Proteobacteria|c__Alphaproteobacteria|o__Rhizobiales|f__Hyphomicrobiaceae,NCBITaxon_45401,UO:0000187
k__Bacteria|p__Proteobacteria|c__Alphaproteobacteria|o__Rhizobiales|f__Hyphomicrobiaceae|g__Hyphomicrobiaceae_unclassified,NCBITaxon_196771,UO:0000187
k__Bacteria|p__Proteobacteria|c__Alphaproteobacteria|o__Rhizobiales|f__Hyphomicrobiaceae|g__Hyphomicrobium,NCBITaxon_81,UO:0000187
k__Bacteria|p__Proteobacteria|c__Alphaproteobacteria|o__Rhizobiales|f__Hyphomicrobiaceae|g__Hyphomicrobium|s__Hyphomicrobium_denitrificans,NCBITaxon_53399,UO:0000187
k__Bacteria|p__Proteobacteria|c__Alphaproteobacteria|o__Rhizobiales|f__Hyphomicrobiaceae|g__Hyphomicrobium|s__Hyphomicrobium_unclassified,NCBITaxon_2619925,UO:0000187
k__Bacteria|p__Proteobacteria|c__Alphaproteobacteria|o__Rhizobiales|f__Hyphomicrobiaceae|g__Hyphomicrobium|s__Hyphomicrobium_zavarzinii,NCBITaxon_48292,UO:0000187
k__Bacteria|p__Proteobacteria|c__Alphaproteobacteria|o__Rhizobiales|f__Methylobacteriaceae,NCBITaxon_119045,UO:0000187
k__Bacteria|p__Proteobacteria|c__Alphaproteobacteria|o__Rhizobiales|f__Methylobacteriaceae|g__Methylobacterium,NCBITaxon_407,UO:0000187
k__Bacteria|p__Proteobacteria|c__Alphaproteobacteria|o__Rhizobiales|f__Methylobacteriaceae|g__Methylobacterium|s__Methylobacterium_extorquens,NCBITaxon_408,UO:0000187
k__Bacteria|p__Proteobacteria|c__Alphaproteobacteria|o__Rhizobiales|f__Methylobacteriaceae|g__Methylobacterium|s__Methylobacterium_populi,NCBITaxon_223967,UO:0000187
k__Bacteria|p__Proteobacteria|c__Alphaproteobacteria|o__Rhizobiales|f__Phyllobacteriaceae,NCBITaxon_69277,UO:0000187
k__Bacteria|p__Proteobacteria|c__Alphaproteobacteria|o__Rhizobiales|f__Phyllobacteriaceae|g__Chelativorans,NCBITaxon_449972,UO:0000187
k__Bacteria|p__Proteobacteria|c__Alphaproteobacteria|o__Rhizobiales|f__Phyllobacteriaceae|g__Chelativorans|s__Chelativorans_sp_BNC1,NCBITaxon_266779,UO:0000187
k__Bacteria|p__Proteobacteria|c__Alphaproteobacteria|o__Rhizobiales|f__Phyllobacteriaceae|g__Mesorhizobium,NCBITaxon_68287,UO:0000187
k__Bacteria|p__Proteobacteria|c__Alphaproteobacteria|o__Rhizobiales|f__Phyllobacteriaceae|g__Mesorhizobium|s__Mesorhizobium_loti,NCBITaxon_381,UO:0000187
k__Bacteria|p__Proteobacteria|c__Alphaproteobacteria|o__Rhizobiales|f__Phyllobacteriaceae|g__Mesorhizobium|s__Mesorhizobium_unclassified,NCBITaxon_325217,UO:0000187
k__Bacteria|p__Proteobacteria|c__Alphaproteobacteria|o__Rhizobiales|f__Rhizobiaceae,NCBITaxon_82115,UO:0000187
k__Bacteria|p__Proteobacteria|c__Alphaproteobacteria|o__Rhizobiales|f__Rhizobiaceae|g__Agrobacterium,NCBITaxon_357,UO:0000187
k__Bacteria|p__Proteobacteria|c__Alphaproteobacteria|o__Rhizobiales|f__Rhizobiaceae|g__Agrobacterium|s__Agrobacterium_albertimagni,NCBITaxon_147266,UO:0000187
k__Bacteria|p__Proteobacteria|c__Alphaproteobacteria|o__Rhizobiales|f__Rhizobiaceae|g__Agrobacterium|s__Agrobacterium_fabrum,NCBITaxon_1176649,UO:0000187
k__Bacteria|p__Proteobacteria|c__Alphaproteobacteria|o__Rhizobiales|f__Rhizobiaceae|g__Agrobacterium|s__Agrobacterium_tumefaciens,NCBITaxon_358,UO:0000187
k__Bacteria|p__Proteobacteria|c__Alphaproteobacteria|o__Rhizobiales|f__Rhizobiaceae|g__Agrobacterium|s__Agrobacterium_unclassified,NCBITaxon_2632611,UO:0000187
k__Bacteria|p__Proteobacteria|c__Alphaproteobacteria|o__Rhizobiales|f__Rhizobiaceae|g__Shinella,NCBITaxon_323620,UO:0000187
k__Bacteria|p__Proteobacteria|c__Alphaproteobacteria|o__Rhizobiales|f__Rhizobiaceae|g__Shinella|s__Shinella_zoogloeoides,NCBITaxon_352475,UO:0000187
k__Bacteria|p__Proteobacteria|c__Alphaproteobacteria|o__Rhizobiales|f__Rhizobiaceae|g__Sinorhizobium,NCBITaxon_28105,UO:0000187
k__Bacteria|p__Proteobacteria|c__Alphaproteobacteria|o__Rhizobiales|f__Rhizobiaceae|g__Sinorhizobium|s__Sinorhizobium_unclassified,NCBITaxon_2613772,UO:0000187
k__Bacteria|p__Proteobacteria|c__Alphaproteobacteria|o__Rhizobiales|f__Rhodobiaceae,NCBITaxon_119043,UO:0000187
k__Bacteria|p__Proteobacteria|c__Alphaproteobacteria|o__Rhizobiales|f__Rhodobiaceae|g__Rhodobiaceae_unclassified,NCBITaxon_1712260,UO:0000187
k__Bacteria|p__Proteobacteria|c__Alphaproteobacteria|o__Rhodobacterales,NCBITaxon_204455,UO:0000187
k__Bacteria|p__Proteobacteria|c__Alphaproteobacteria|o__Rhodobacterales|f__Rhodobacteraceae,NCBITaxon_31989,UO:0000187
k__Bacteria|p__Proteobacteria|c__Alphaproteobacteria|o__Rhodobacterales|f__Rhodobacteraceae|g__Paracoccus,NCBITaxon_265,UO:0000187
k__Bacteria|p__Proteobacteria|c__Alphaproteobacteria|o__Rhodobacterales|f__Rhodobacteraceae|g__Paracoccus|s__Paracoccus_denitrificans,NCBITaxon_266,UO:0000187
k__Bacteria|p__Proteobacteria|c__Alphaproteobacteria|o__Rhodobacterales|f__Rhodobacteraceae|g__Paracoccus|s__Paracoccus_unclassified,NCBITaxon_246570,UO:0000187
k__Bacteria|p__Proteobacteria|c__Alphaproteobacteria|o__Rhodospirillales,NCBITaxon_204441,UO:0000187
k__Bacteria|p__Proteobacteria|c__Alphaproteobacteria|o__Rhodospirillales|f__Acetobacteraceae,NCBITaxon_433,UO:0000187
k__Bacteria|p__Proteobacteria|c__Alphaproteobacteria|o__Rhodospirillales|f__Acetobacteraceae|g__Roseomonas,NCBITaxon_125216,UO:0000187
k__Bacteria|p__Proteobacteria|c__Alphaproteobacteria|o__Rhodospirillales|f__Acetobacteraceae|g__Roseomonas|s__Roseomonas_unclassified,NCBITaxon_2617492,UO:0000187
k__Bacteria|p__Proteobacteria|c__Alphaproteobacteria|o__Rhodospirillales|f__Rhodospirillaceae,NCBITaxon_41295,UO:0000187
k__Bacteria|p__Proteobacteria|c__Alphaproteobacteria|o__Rhodospirillales|f__Rhodospirillaceae|g__Azospirillum,NCBITaxon_191,UO:0000187
k__Bacteria|p__Proteobacteria|c__Alphaproteobacteria|o__Rhodospirillales|f__Rhodospirillaceae|g__Azospirillum|s__Azospirillum_lipoferum,NCBITaxon_193,UO:0000187
k__Bacteria|p__Proteobacteria|c__Alphaproteobacteria|o__Rhodospirillales|f__Rhodospirillaceae|g__Azospirillum|s__Azospirillum_unclassified,NCBITaxon_2630922,UO:0000187
k__Bacteria|p__Proteobacteria|c__Alphaproteobacteria|o__Rhodospirillales|f__Rhodospirillaceae|g__Rhodospirillum,NCBITaxon_1081,UO:0000187
k__Bacteria|p__Proteobacteria|c__Alphaproteobacteria|o__Rhodospirillales|f__Rhodospirillaceae|g__Rhodospirillum|s__Rhodospirillum_unclassified,NCBITaxon_2634111,UO:0000187
k__Bacteria|p__Proteobacteria|c__Alphaproteobacteria|o__Rhodospirillales|f__Rhodospirillales_noname,NCBITaxon_451274,UO:0000187
k__Bacteria|p__Proteobacteria|c__Alphaproteobacteria|o__Rhodospirillales|f__Rhodospirillales_noname|g__Rhodospirillales_noname,NCBITaxon_445219,UO:0000187
k__Bacteria|p__Proteobacteria|c__Alphaproteobacteria|o__Rhodospirillales|f__Rhodospirillales_noname|g__Rhodospirillales_noname|s__Reyranella_massiliensis,NCBITaxon_445220,UO:0000187
k__Bacteria|p__Proteobacteria|c__Alphaproteobacteria|o__Rickettsiales,NCBITaxon_766,UO:0000187
k__Bacteria|p__Proteobacteria|c__Alphaproteobacteria|o__Rickettsiales|f__Holosporaceae,NCBITaxon_44746,UO:0000187
k__Bacteria|p__Proteobacteria|c__Alphaproteobacteria|o__Rickettsiales|f__Holosporaceae|g__Holospora,NCBITaxon_44747,UO:0000187
k__Bacteria|p__Proteobacteria|c__Alphaproteobacteria|o__Sphingomonadales,NCBITaxon_204457,UO:0000187
k__Bacteria|p__Proteobacteria|c__Alphaproteobacteria|o__Sphingomonadales|f__Erythrobacteraceae,NCBITaxon_335929,UO:0000187
k__Bacteria|p__Proteobacteria|c__Alphaproteobacteria|o__Sphingomonadales|f__Erythrobacteraceae|g__Erythrobacteraceae_unclassified,NCBITaxon_517744,UO:0000187
k__Bacteria|p__Proteobacteria|c__Alphaproteobacteria|o__Sphingomonadales|f__Sphingomonadaceae,NCBITaxon_41297,UO:0000187
k__Bacteria|p__Proteobacteria|c__Alphaproteobacteria|o__Sphingomonadales|f__Sphingomonadaceae|g__Blastomonas,NCBITaxon_150203,UO:0000187
k__Bacteria|p__Proteobacteria|c__Alphaproteobacteria|o__Sphingomonadales|f__Sphingomonadaceae|g__Blastomonas|s__Blastomonas_unclassified,NCBITaxon_2626550,UO:0000187
k__Bacteria|p__Proteobacteria|c__Alphaproteobacteria|o__Sphingomonadales|f__Sphingomonadaceae|g__Citromicrobium,NCBITaxon_72173,UO:0000187
k__Bacteria|p__Proteobacteria|c__Alphaproteobacteria|o__Sphingomonadales|f__Sphingomonadaceae|g__Citromicrobium|s__Citromicrobium_unclassified,NCBITaxon_2630544,UO:0000187
k__Bacteria|p__Proteobacteria|c__Alphaproteobacteria|o__Sphingomonadales|f__Sphingomonadaceae|g__Sphingobium,NCBITaxon_165695,UO:0000187
k__Bacteria|p__Proteobacteria|c__Alphaproteobacteria|o__Sphingomonadales|f__Sphingomonadaceae|g__Sphingobium|s__Sphingobium_unclassified,NCBITaxon_2611147,UO:0000187
k__Bacteria|p__Proteobacteria|c__Alphaproteobacteria|o__Sphingomonadales|f__Sphingomonadaceae|g__Sphingobium|s__Sphingobium_xenophagum,NCBITaxon_121428,UO:0000187
k__Bacteria|p__Proteobacteria|c__Alphaproteobacteria|o__Sphingomonadales|f__Sphingomonadaceae|g__Sphingobium|s__Sphingobium_yanoikuyae,NCBITaxon_13690,UO:0000187
k__Bacteria|p__Proteobacteria|c__Alphaproteobacteria|o__Sphingomonadales|f__Sphingomonadaceae|g__Sphingomonas,NCBITaxon_13687,UO:0000187
k__Bacteria|p__Proteobacteria|c__Alphaproteobacteria|o__Sphingomonadales|f__Sphingomonadaceae|g__Sphingomonas|s__Sphingomonas_wittichii,NCBITaxon_160791,UO:0000187
k__Bacteria|p__Proteobacteria|c__Alphaproteobacteria|o__Sphingomonadales|f__Sphingomonadaceae|g__Sphingopyxis,NCBITaxon_165697,UO:0000187
k__Bacteria|p__Proteobacteria|c__Alphaproteobacteria|o__Sphingomonadales|f__Sphingomonadaceae|g__Sphingopyxis|s__Sphingopyxis_alaskensis,NCBITaxon_117207,UO:0000187
k__Bacteria|p__Proteobacteria|c__Alphaproteobacteria|o__Sphingomonadales|f__Sphingomonadaceae|g__Sphingopyxis|s__Sphingopyxis_unclassified,NCBITaxon_2614943,UO:0000187
k__Bacteria|p__Proteobacteria|c__Betaproteobacteria,NCBITaxon_28216,UO:0000187
k__Bacteria|p__Proteobacteria|c__Betaproteobacteria|o__Burkholderiales,NCBITaxon_80840,UO:0000187
k__Bacteria|p__Proteobacteria|c__Betaproteobacteria|o__Burkholderiales|f__Alcaligenaceae,NCBITaxon_506,UO:0000187
k__Bacteria|p__Proteobacteria|c__Betaproteobacteria|o__Burkholderiales|f__Alcaligenaceae|g__Achromobacter,NCBITaxon_222,UO:0000187
k__Bacteria|p__Proteobacteria|c__Betaproteobacteria|o__Burkholderiales|f__Alcaligenaceae|g__Achromobacter|s__Achromobacter_piechaudii,NCBITaxon_72556,UO:0000187
k__Bacteria|p__Proteobacteria|c__Betaproteobacteria|o__Burkholderiales|f__Alcaligenaceae|g__Achromobacter|s__Achromobacter_unclassified,NCBITaxon_2626865,UO:0000187
k__Bacteria|p__Proteobacteria|c__Betaproteobacteria|o__Burkholderiales|f__Alcaligenaceae|g__Bordetella,NCBITaxon_517,UO:0000187
k__Bacteria|p__Proteobacteria|c__Betaproteobacteria|o__Burkholderiales|f__Alcaligenaceae|g__Bordetella|s__Bordetella_unclassified,NCBITaxon_2630031,UO:0000187
k__Bacteria|p__Proteobacteria|c__Betaproteobacteria|o__Burkholderiales|f__Alcaligenaceae|g__Pusillimonas,NCBITaxon_305976,UO:0000187
k__Bacteria|p__Proteobacteria|c__Betaproteobacteria|o__Burkholderiales|f__Alcaligenaceae|g__Pusillimonas|s__Pusillimonas_unclassified,NCBITaxon_2640016,UO:0000187
k__Bacteria|p__Proteobacteria|c__Betaproteobacteria|o__Burkholderiales|f__Burkholderiaceae,NCBITaxon_119060,UO:0000187
k__Bacteria|p__Proteobacteria|c__Betaproteobacteria|o__Burkholderiales|f__Burkholderiaceae|g__Burkholderia,NCBITaxon_32008,UO:0000187
k__Bacteria|p__Proteobacteria|c__Betaproteobacteria|o__Burkholderiales|f__Burkholderiaceae|g__Burkholderia|s__Burkholderia_unclassified,NCBITaxon_2613784,UO:0000187
k__Bacteria|p__Proteobacteria|c__Betaproteobacteria|o__Burkholderiales|f__Burkholderiaceae|g__Cupriavidus,NCBITaxon_106589,UO:0000187
k__Bacteria|p__Proteobacteria|c__Betaproteobacteria|o__Burkholderiales|f__Burkholderiaceae|g__Cupriavidus|s__Cupriavidus_taiwanensis,NCBITaxon_164546,UO:0000187
k__Bacteria|p__Proteobacteria|c__Betaproteobacteria|o__Burkholderiales|f__Burkholderiaceae|g__Cupriavidus|s__Cupriavidus_unclassified,NCBITaxon_2640874,UO:0000187
k__Bacteria|p__Proteobacteria|c__Betaproteobacteria|o__Burkholderiales|f__Burkholderiaceae|g__Ralstonia,NCBITaxon_48736,UO:0000187
k__Bacteria|p__Proteobacteria|c__Betaproteobacteria|o__Burkholderiales|f__Burkholderiaceae|g__Ralstonia|s__Ralstonia_unclassified,NCBITaxon_209769,UO:0000187
k__Bacteria|p__Proteobacteria|c__Betaproteobacteria|o__Burkholderiales|f__Burkholderiales_noname,NCBITaxon_119065,UO:0000187
k__Bacteria|p__Proteobacteria|c__Betaproteobacteria|o__Burkholderiales|f__Burkholderiales_noname|g__Methylibium,NCBITaxon_316612,UO:0000187
k__Bacteria|p__Proteobacteria|c__Betaproteobacteria|o__Burkholderiales|f__Burkholderiales_noname|g__Methylibium|s__Methylibium_petroleiphilum,NCBITaxon_105560,UO:0000187
k__Bacteria|p__Proteobacteria|c__Betaproteobacteria|o__Burkholderiales|f__Burkholderiales_noname|g__Thiomonas,NCBITaxon_32012,UO:0000187
k__Bacteria|p__Proteobacteria|c__Betaproteobacteria|o__Burkholderiales|f__Burkholderiales_noname|g__Thiomonas|s__Thiomonas_unclassified,NCBITaxon_2625466,UO:0000187
k__Bacteria|p__Proteobacteria|c__Betaproteobacteria|o__Burkholderiales|f__Comamonadaceae,NCBITaxon_80864,UO:0000187
k__Bacteria|p__Proteobacteria|c__Betaproteobacteria|o__Burkholderiales|f__Comamonadaceae|g__Acidovorax,NCBITaxon_12916,UO:0000187
k__Bacteria|p__Proteobacteria|c__Betaproteobacteria|o__Burkholderiales|f__Comamonadaceae|g__Acidovorax|s__Acidovorax_ebreus,NCBITaxon_721785,UO:0000187
k__Bacteria|p__Proteobacteria|c__Betaproteobacteria|o__Burkholderiales|f__Comamonadaceae|g__Acidovorax|s__Acidovorax_radicis,NCBITaxon_758826,UO:0000187
k__Bacteria|p__Proteobacteria|c__Betaproteobacteria|o__Burkholderiales|f__Comamonadaceae|g__Alicycliphilus,NCBITaxon_201096,UO:0000187
k__Bacteria|p__Proteobacteria|c__Betaproteobacteria|o__Burkholderiales|f__Comamonadaceae|g__Alicycliphilus|s__Alicycliphilus_unclassified,NCBITaxon_2646048,UO:0000187
k__Bacteria|p__Proteobacteria|c__Betaproteobacteria|o__Burkholderiales|f__Comamonadaceae|g__Comamonas,NCBITaxon_283,UO:0000187
k__Bacteria|p__Proteobacteria|c__Betaproteobacteria|o__Burkholderiales|f__Comamonadaceae|g__Comamonas|s__Comamonas_unclassified,NCBITaxon_2638500,UO:0000187
k__Bacteria|p__Proteobacteria|c__Betaproteobacteria|o__Burkholderiales|f__Comamonadaceae|g__Delftia,NCBITaxon_80865,UO:0000187
k__Bacteria|p__Proteobacteria|c__Betaproteobacteria|o__Burkholderiales|f__Comamonadaceae|g__Delftia|s__Delftia_acidovorans,NCBITaxon_80866,UO:0000187
k__Bacteria|p__Proteobacteria|c__Betaproteobacteria|o__Burkholderiales|f__Comamonadaceae|g__Delftia|s__Delftia_unclassified,NCBITaxon_2613839,UO:0000187
k__Bacteria|p__Proteobacteria|c__Betaproteobacteria|o__Burkholderiales|f__Comamonadaceae|g__Limnohabitans,NCBITaxon_665874,UO:0000187
k__Bacteria|p__Proteobacteria|c__Betaproteobacteria|o__Burkholderiales|f__Comamonadaceae|g__Limnohabitans|s__Limnohabitans_unclassified,NCBITaxon_2626134,UO:0000187
k__Bacteria|p__Proteobacteria|c__Betaproteobacteria|o__Burkholderiales|f__Comamonadaceae|g__Polaromonas,NCBITaxon_52972,UO:0000187
k__Bacteria|p__Proteobacteria|c__Betaproteobacteria|o__Burkholderiales|f__Comamonadaceae|g__Polaromonas|s__Polaromonas_unclassified,NCBITaxon_2638319,UO:0000187
k__Bacteria|p__Proteobacteria|c__Betaproteobacteria|o__Burkholderiales|f__Comamonadaceae|g__Pseudacidovorax,NCBITaxon_433923,UO:0000187
k__Bacteria|p__Proteobacteria|c__Betaproteobacteria|o__Burkholderiales|f__Comamonadaceae|g__Pseudacidovorax|s__Pseudacidovorax_intermedius,NCBITaxon_433924,UO:0000187
k__Bacteria|p__Proteobacteria|c__Betaproteobacteria|o__Burkholderiales|f__Comamonadaceae|g__Variovorax,NCBITaxon_34072,UO:0000187
k__Bacteria|p__Proteobacteria|c__Betaproteobacteria|o__Burkholderiales|f__Comamonadaceae|g__Variovorax|s__Variovorax_paradoxus,NCBITaxon_34073,UO:0000187
k__Bacteria|p__Proteobacteria|c__Betaproteobacteria|o__Burkholderiales|f__Comamonadaceae|g__Variovorax|s__Variovorax_unclassified,NCBITaxon_663243,UO:0000187
k__Bacteria|p__Proteobacteria|c__Betaproteobacteria|o__Burkholderiales|f__Comamonadaceae|g__Verminephrobacter,NCBITaxon_364316,UO:0000187
k__Bacteria|p__Proteobacteria|c__Betaproteobacteria|o__Burkholderiales|f__Comamonadaceae|g__Verminephrobacter|s__Verminephrobacter_unclassified,NCBITaxon_2644764,UO:0000187
k__Bacteria|p__Proteobacteria|c__Betaproteobacteria|o__Burkholderiales|f__Oxalobacteraceae,NCBITaxon_75682,UO:0000187
k__Bacteria|p__Proteobacteria|c__Betaproteobacteria|o__Burkholderiales|f__Oxalobacteraceae|g__Herbaspirillum,NCBITaxon_963,UO:0000187
k__Bacteria|p__Proteobacteria|c__Betaproteobacteria|o__Burkholderiales|f__Oxalobacteraceae|g__Herbaspirillum|s__Herbaspirillum_unclassified,NCBITaxon_2624150,UO:0000187
k__Bacteria|p__Proteobacteria|c__Betaproteobacteria|o__Burkholderiales|f__Oxalobacteraceae|g__Janthinobacterium,NCBITaxon_29580,UO:0000187
k__Bacteria|p__Proteobacteria|c__Betaproteobacteria|o__Burkholderiales|f__Oxalobacteraceae|g__Janthinobacterium|s__Janthinobacterium_unclassified,NCBITaxon_2610881,UO:0000187
k__Bacteria|p__Proteobacteria|c__Betaproteobacteria|o__Burkholderiales|f__Oxalobacteraceae|g__Massilia,NCBITaxon_149698,UO:0000187
k__Bacteria|p__Proteobacteria|c__Betaproteobacteria|o__Burkholderiales|f__Oxalobacteraceae|g__Massilia|s__Massilia_timonae,NCBITaxon_47229,UO:0000187
k__Bacteria|p__Proteobacteria|c__Betaproteobacteria|o__Burkholderiales|f__Oxalobacteraceae|g__Massilia|s__Massilia_unclassified,NCBITaxon_2609279,UO:0000187
k__Bacteria|p__Proteobacteria|c__Betaproteobacteria|o__Hydrogenophilales,NCBITaxon_119069,UO:0000187
k__Bacteria|p__Proteobacteria|c__Betaproteobacteria|o__Hydrogenophilales|f__Hydrogenophilaceae,NCBITaxon_206349,UO:0000187
k__Bacteria|p__Proteobacteria|c__Betaproteobacteria|o__Hydrogenophilales|f__Hydrogenophilaceae|g__Hydrogenophilaceae_unclassified,NCBITaxon_1805217,UO:0000187
k__Bacteria|p__Proteobacteria|c__Betaproteobacteria|o__Hydrogenophilales|f__Hydrogenophilaceae|g__Thiobacillus,NCBITaxon_919,UO:0000187
k__Bacteria|p__Proteobacteria|c__Betaproteobacteria|o__Hydrogenophilales|f__Hydrogenophilaceae|g__Thiobacillus|s__Thiobacillus_denitrificans,NCBITaxon_36861,UO:0000187
k__Bacteria|p__Proteobacteria|c__Betaproteobacteria|o__Methylophilales,NCBITaxon_119066,UO:0000187
k__Bacteria|p__Proteobacteria|c__Betaproteobacteria|o__Methylophilales|f__Methylophilaceae,NCBITaxon_32011,UO:0000187
k__Bacteria|p__Proteobacteria|c__Betaproteobacteria|o__Methylophilales|f__Methylophilaceae|g__Methylophilus,NCBITaxon_16,UO:0000187
k__Bacteria|p__Proteobacteria|c__Betaproteobacteria|o__Methylophilales|f__Methylophilaceae|g__Methylophilus|s__Methylophilus_unclassified,NCBITaxon_2630143,UO:0000187
k__Bacteria|p__Proteobacteria|c__Betaproteobacteria|o__Methylophilales|f__Methylophilaceae|g__Methylotenera,NCBITaxon_359407,UO:0000187
k__Bacteria|p__Proteobacteria|c__Betaproteobacteria|o__Methylophilales|f__Methylophilaceae|g__Methylotenera|s__Methylotenera_unclassified,NCBITaxon_2643294,UO:0000187
k__Bacteria|p__Proteobacteria|c__Betaproteobacteria|o__Methylophilales|f__Methylophilaceae|g__Methylotenera|s__Methylotenera_versatilis,NCBITaxon_1055487,UO:0000187
k__Bacteria|p__Proteobacteria|c__Betaproteobacteria|o__Neisseriales,NCBITaxon_206351,UO:0000187
k__Bacteria|p__Proteobacteria|c__Betaproteobacteria|o__Neisseriales|f__Neisseriaceae,NCBITaxon_481,UO:0000187
k__Bacteria|p__Proteobacteria|c__Betaproteobacteria|o__Neisseriales|f__Neisseriaceae|g__Neisseria,NCBITaxon_482,UO:0000187
k__Bacteria|p__Proteobacteria|c__Betaproteobacteria|o__Neisseriales|f__Neisseriaceae|g__Neisseria|s__Neisseria_unclassified,NCBITaxon_2623750,UO:0000187
k__Bacteria|p__Proteobacteria|c__Betaproteobacteria|o__Nitrosomonadales,NCBITaxon_32003,UO:0000187
k__Bacteria|p__Proteobacteria|c__Betaproteobacteria|o__Nitrosomonadales|f__Nitrosomonadaceae,NCBITaxon_206379,UO:0000187
k__Bacteria|p__Proteobacteria|c__Betaproteobacteria|o__Nitrosomonadales|f__Nitrosomonadaceae|g__Nitrosomonas,NCBITaxon_914,UO:0000187
k__Bacteria|p__Proteobacteria|c__Betaproteobacteria|o__Nitrosomonadales|f__Nitrosomonadaceae|g__Nitrosomonas|s__Nitrosomonas_eutropha,NCBITaxon_916,UO:0000187
k__Bacteria|p__Proteobacteria|c__Betaproteobacteria|o__Nitrosomonadales|f__Nitrosomonadaceae|g__Nitrosomonas|s__Nitrosomonas_sp_AL212,NCBITaxon_153948,UO:0000187
k__Bacteria|p__Proteobacteria|c__Betaproteobacteria|o__Nitrosomonadales|f__Nitrosomonadaceae|g__Nitrosomonas|s__Nitrosomonas_unclassified,NCBITaxon_2609265,UO:0000187
k__Bacteria|p__Proteobacteria|c__Betaproteobacteria|o__Nitrosomonadales|f__Nitrosomonadaceae|g__Nitrosospira,NCBITaxon_35798,UO:0000187
k__Bacteria|p__Proteobacteria|c__Betaproteobacteria|o__Nitrosomonadales|f__Nitrosomonadaceae|g__Nitrosospira|s__Nitrosospira_multiformis,NCBITaxon_1231,UO:0000187
k__Bacteria|p__Proteobacteria|c__Betaproteobacteria|o__Nitrosomonadales|f__Nitrosomonadaceae|g__Nitrosospira|s__Nitrosospira_unclassified,NCBITaxon_2609267,UO:0000187
k__Bacteria|p__Proteobacteria|c__Betaproteobacteria|o__Rhodocyclales,NCBITaxon_206389,UO:0000187
k__Bacteria|p__Proteobacteria|c__Betaproteobacteria|o__Rhodocyclales|f__Rhodocyclaceae,NCBITaxon_75787,UO:0000187
k__Bacteria|p__Proteobacteria|c__Betaproteobacteria|o__Rhodocyclales|f__Rhodocyclaceae|g__Azospira,NCBITaxon_146937,UO:0000187
k__Bacteria|p__Proteobacteria|c__Betaproteobacteria|o__Rhodocyclales|f__Rhodocyclaceae|g__Azospira|s__Azospira_oryzae,NCBITaxon_146939,UO:0000187
k__Bacteria|p__Proteobacteria|c__Betaproteobacteria|o__Rhodocyclales|f__Rhodocyclaceae|g__Methyloversatilis,NCBITaxon_378210,UO:0000187
k__Bacteria|p__Proteobacteria|c__Betaproteobacteria|o__Rhodocyclales|f__Rhodocyclaceae|g__Methyloversatilis|s__Methyloversatilis_unclassified,NCBITaxon_2639971,UO:0000187
k__Bacteria|p__Proteobacteria|c__Betaproteobacteria|o__Rhodocyclales|f__Rhodocyclaceae|g__Methyloversatilis|s__Methyloversatilis_universalis,NCBITaxon_378211,UO:0000187
k__Bacteria|p__Proteobacteria|c__Deltaproteobacteria,NCBITaxon_28221,UO:0000187
k__Bacteria|p__Proteobacteria|c__Deltaproteobacteria|o__Myxococcales,NCBITaxon_29,UO:0000187
k__Bacteria|p__Proteobacteria|c__Deltaproteobacteria|o__Myxococcales|f__Myxococcaceae,NCBITaxon_31,UO:0000187
k__Bacteria|p__Proteobacteria|c__Deltaproteobacteria|o__Myxococcales|f__Myxococcaceae|g__Myxococcus,NCBITaxon_32,UO:0000187
k__Bacteria|p__Proteobacteria|c__Deltaproteobacteria|o__Myxococcales|f__Myxococcaceae|g__Myxococcus|s__Myxococcus_fulvus,NCBITaxon_33,UO:0000187
k__Bacteria|p__Proteobacteria|c__Deltaproteobacteria|o__Myxococcales|f__Myxococcaceae|g__Myxococcus|s__Myxococcus_unclassified,NCBITaxon_2648731,UO:0000187
k__Bacteria|p__Proteobacteria|c__Deltaproteobacteria|o__Myxococcales|f__Myxococcaceae|g__Myxococcus|s__Myxococcus_xanthus,NCBITaxon_34,UO:0000187
k__Bacteria|p__Proteobacteria|c__Gammaproteobacteria,NCBITaxon_1236,UO:0000187
k__Bacteria|p__Proteobacteria|c__Gammaproteobacteria|o__Aeromonadales,NCBITaxon_135624,UO:0000187
k__Bacteria|p__Proteobacteria|c__Gammaproteobacteria|o__Aeromonadales|f__Aeromonadaceae,NCBITaxon_84642,UO:0000187
k__Bacteria|p__Proteobacteria|c__Gammaproteobacteria|o__Aeromonadales|f__Aeromonadaceae|g__Aeromonas,NCBITaxon_642,UO:0000187
k__Bacteria|p__Proteobacteria|c__Gammaproteobacteria|o__Aeromonadales|f__Aeromonadaceae|g__Aeromonas|s__Aeromonas_caviae,NCBITaxon_648,UO:0000187
k__Bacteria|p__Proteobacteria|c__Gammaproteobacteria|o__Aeromonadales|f__Aeromonadaceae|g__Aeromonas|s__Aeromonas_unclassified,NCBITaxon_257493,UO:0000187
k__Bacteria|p__Proteobacteria|c__Gammaproteobacteria|o__Alteromonadales,NCBITaxon_135622,UO:0000187
k__Bacteria|p__Proteobacteria|c__Gammaproteobacteria|o__Alteromonadales|f__Shewanellaceae,NCBITaxon_267890,UO:0000187
k__Bacteria|p__Proteobacteria|c__Gammaproteobacteria|o__Alteromonadales|f__Shewanellaceae|g__Shewanella,NCBITaxon_22,UO:0000187
k__Bacteria|p__Proteobacteria|c__Gammaproteobacteria|o__Alteromonadales|f__Shewanellaceae|g__Shewanella|s__Shewanella_unclassified,NCBITaxon_196818,UO:0000187
k__Bacteria|p__Proteobacteria|c__Gammaproteobacteria|o__Chromatiales,NCBITaxon_135613,UO:0000187
k__Bacteria|p__Proteobacteria|c__Gammaproteobacteria|o__Chromatiales|f__Chromatiaceae,NCBITaxon_1046,UO:0000187
k__Bacteria|p__Proteobacteria|c__Gammaproteobacteria|o__Chromatiales|f__Chromatiaceae|g__Rheinheimera,NCBITaxon_67575,UO:0000187
k__Bacteria|p__Proteobacteria|c__Gammaproteobacteria|o__Chromatiales|f__Chromatiaceae|g__Rheinheimera|s__Rheinheimera_unclassified,NCBITaxon_115860,UO:0000187
k__Bacteria|p__Proteobacteria|c__Gammaproteobacteria|o__Enterobacteriales,NCBITaxon_91347,UO:0000187
k__Bacteria|p__Proteobacteria|c__Gammaproteobacteria|o__Enterobacteriales|f__Enterobacteriaceae,NCBITaxon_543,UO:0000187
k__Bacteria|p__Proteobacteria|c__Gammaproteobacteria|o__Enterobacteriales|f__Enterobacteriaceae|g__Citrobacter,NCBITaxon_544,UO:0000187
k__Bacteria|p__Proteobacteria|c__Gammaproteobacteria|o__Enterobacteriales|f__Enterobacteriaceae|g__Citrobacter|s__Citrobacter_unclassified,NCBITaxon_2644389,UO:0000187
k__Bacteria|p__Proteobacteria|c__Gammaproteobacteria|o__Enterobacteriales|f__Enterobacteriaceae|g__Enterobacter,NCBITaxon_547,UO:0000187
k__Bacteria|p__Proteobacteria|c__Gammaproteobacteria|o__Enterobacteriales|f__Enterobacteriaceae|g__Enterobacter|s__Enterobacter_cloacae,NCBITaxon_550,UO:0000187
k__Bacteria|p__Proteobacteria|c__Gammaproteobacteria|o__Enterobacteriales|f__Enterobacteriaceae|g__Escherichia,NCBITaxon_561,UO:0000187
k__Bacteria|p__Proteobacteria|c__Gammaproteobacteria|o__Enterobacteriales|f__Enterobacteriaceae|g__Escherichia|s__Escherichia_unclassified,NCBITaxon_2608889,UO:0000187
k__Bacteria|p__Proteobacteria|c__Gammaproteobacteria|o__Enterobacteriales|f__Enterobacteriaceae|g__Klebsiella,NCBITaxon_570,UO:0000187
k__Bacteria|p__Proteobacteria|c__Gammaproteobacteria|o__Enterobacteriales|f__Enterobacteriaceae|g__Klebsiella|s__Klebsiella_unclassified,NCBITaxon_2608929,UO:0000187
k__Bacteria|p__Proteobacteria|c__Gammaproteobacteria|o__Enterobacteriales|f__Enterobacteriaceae|g__Pantoea,NCBITaxon_53335,UO:0000187
k__Bacteria|p__Proteobacteria|c__Gammaproteobacteria|o__Enterobacteriales|f__Enterobacteriaceae|g__Pantoea|s__Pantoea_unclassified,NCBITaxon_2630326,UO:0000187
k__Bacteria|p__Proteobacteria|c__Gammaproteobacteria|o__Legionellales,NCBITaxon_118969,UO:0000187
k__Bacteria|p__Proteobacteria|c__Gammaproteobacteria|o__Legionellales|f__Legionellaceae,NCBITaxon_444,UO:0000187
k__Bacteria|p__Proteobacteria|c__Gammaproteobacteria|o__Legionellales|f__Legionellaceae|g__Legionellaceae_unclassified,NCBITaxon_45616,UO:0000187
k__Bacteria|p__Proteobacteria|c__Gammaproteobacteria|o__Methylococcales,NCBITaxon_135618,UO:0000187
k__Bacteria|p__Proteobacteria|c__Gammaproteobacteria|o__Methylococcales|f__Methylococcaceae,NCBITaxon_403,UO:0000187
k__Bacteria|p__Proteobacteria|c__Gammaproteobacteria|o__Methylococcales|f__Methylococcaceae|g__Methylobacter,NCBITaxon_429,UO:0000187
k__Bacteria|p__Proteobacteria|c__Gammaproteobacteria|o__Methylococcales|f__Methylococcaceae|g__Methylobacter|s__Methylobacter_marinus,NCBITaxon_34058,UO:0000187
k__Bacteria|p__Proteobacteria|c__Gammaproteobacteria|o__Oceanospirillales,NCBITaxon_135619,UO:0000187
k__Bacteria|p__Proteobacteria|c__Gammaproteobacteria|o__Oceanospirillales|f__Halomonadaceae,NCBITaxon_28256,UO:0000187
k__Bacteria|p__Proteobacteria|c__Gammaproteobacteria|o__Oceanospirillales|f__Halomonadaceae|g__Halomonas,NCBITaxon_2745,UO:0000187
k__Bacteria|p__Proteobacteria|c__Gammaproteobacteria|o__Oceanospirillales|f__Halomonadaceae|g__Halomonas|s__Halomonas_titanicae,NCBITaxon_664683,UO:0000187
k__Bacteria|p__Proteobacteria|c__Gammaproteobacteria|o__Oceanospirillales|f__Halomonadaceae|g__Halomonas|s__Halomonas_unclassified,NCBITaxon_2609666,UO:0000187
k__Bacteria|p__Proteobacteria|c__Gammaproteobacteria|o__Pasteurellales,NCBITaxon_135625,UO:0000187
k__Bacteria|p__Proteobacteria|c__Gammaproteobacteria|o__Pasteurellales|f__Pasteurellaceae,NCBITaxon_712,UO:0000187
k__Bacteria|p__Proteobacteria|c__Gammaproteobacteria|o__Pasteurellales|f__Pasteurellaceae|g__Haemophilus,NCBITaxon_724,UO:0000187
k__Bacteria|p__Proteobacteria|c__Gammaproteobacteria|o__Pasteurellales|f__Pasteurellaceae|g__Haemophilus|s__Haemophilus_haemolyticus,NCBITaxon_726,UO:0000187
k__Bacteria|p__Proteobacteria|c__Gammaproteobacteria|o__Pasteurellales|f__Pasteurellaceae|g__Haemophilus|s__Haemophilus_parainfluenzae,NCBITaxon_729,UO:0000187
k__Bacteria|p__Proteobacteria|c__Gammaproteobacteria|o__Pseudomonadales,NCBITaxon_72274,UO:0000187
k__Bacteria|p__Proteobacteria|c__Gammaproteobacteria|o__Pseudomonadales|f__Moraxellaceae,NCBITaxon_468,UO:0000187
k__Bacteria|p__Proteobacteria|c__Gammaproteobacteria|o__Pseudomonadales|f__Moraxellaceae|g__Acinetobacter,NCBITaxon_469,UO:0000187
k__Bacteria|p__Proteobacteria|c__Gammaproteobacteria|o__Pseudomonadales|f__Moraxellaceae|g__Acinetobacter|s__Acinetobacter_baumannii,NCBITaxon_470,UO:0000187
k__Bacteria|p__Proteobacteria|c__Gammaproteobacteria|o__Pseudomonadales|f__Moraxellaceae|g__Acinetobacter|s__Acinetobacter_johnsonii,NCBITaxon_40214,UO:0000187
k__Bacteria|p__Proteobacteria|c__Gammaproteobacteria|o__Pseudomonadales|f__Moraxellaceae|g__Acinetobacter|s__Acinetobacter_lwoffii,NCBITaxon_28090,UO:0000187
k__Bacteria|p__Proteobacteria|c__Gammaproteobacteria|o__Pseudomonadales|f__Moraxellaceae|g__Acinetobacter|s__Acinetobacter_oleivorans,NCBITaxon_1148157,UO:0000187
k__Bacteria|p__Proteobacteria|c__Gammaproteobacteria|o__Pseudomonadales|f__Moraxellaceae|g__Acinetobacter|s__Acinetobacter_parvus,NCBITaxon_134533,UO:0000187
k__Bacteria|p__Proteobacteria|c__Gammaproteobacteria|o__Pseudomonadales|f__Moraxellaceae|g__Acinetobacter|s__Acinetobacter_pittii_calcoaceticus_nosocomialis,NCBITaxon_106654,UO:0000187
k__Bacteria|p__Proteobacteria|c__Gammaproteobacteria|o__Pseudomonadales|f__Moraxellaceae|g__Acinetobacter|s__Acinetobacter_radioresistens,NCBITaxon_40216,UO:0000187
k__Bacteria|p__Proteobacteria|c__Gammaproteobacteria|o__Pseudomonadales|f__Moraxellaceae|g__Acinetobacter|s__Acinetobacter_schindleri,NCBITaxon_108981,UO:0000187
k__Bacteria|p__Proteobacteria|c__Gammaproteobacteria|o__Pseudomonadales|f__Moraxellaceae|g__Acinetobacter|s__Acinetobacter_soli,NCBITaxon_487316,UO:0000187
k__Bacteria|p__Proteobacteria|c__Gammaproteobacteria|o__Pseudomonadales|f__Moraxellaceae|g__Acinetobacter|s__Acinetobacter_unclassified,NCBITaxon_196816,UO:0000187
k__Bacteria|p__Proteobacteria|c__Gammaproteobacteria|o__Pseudomonadales|f__Moraxellaceae|g__Acinetobacter|s__Acinetobacter_ursingii,NCBITaxon_108980,UO:0000187
k__Bacteria|p__Proteobacteria|c__Gammaproteobacteria|o__Pseudomonadales|f__Moraxellaceae|g__Enhydrobacter,NCBITaxon_212791,UO:0000187
k__Bacteria|p__Proteobacteria|c__Gammaproteobacteria|o__Pseudomonadales|f__Moraxellaceae|g__Enhydrobacter|s__Enhydrobacter_aerosaccus,NCBITaxon_225324,UO:0000187
k__Bacteria|p__Proteobacteria|c__Gammaproteobacteria|o__Pseudomonadales|f__Pseudomonadaceae,NCBITaxon_135621,UO:0000187
k__Bacteria|p__Proteobacteria|c__Gammaproteobacteria|o__Pseudomonadales|f__Pseudomonadaceae|g__Cellvibrio,NCBITaxon_10,UO:0000187
k__Bacteria|p__Proteobacteria|c__Gammaproteobacteria|o__Pseudomonadales|f__Pseudomonadaceae|g__Cellvibrio|s__Cellvibrio_sp_BR,NCBITaxon_1134474,UO:0000187
k__Bacteria|p__Proteobacteria|c__Gammaproteobacteria|o__Pseudomonadales|f__Pseudomonadaceae|g__Cellvibrio|s__Cellvibrio_unclassified,NCBITaxon_2624793,UO:0000187
k__Bacteria|p__Proteobacteria|c__Gammaproteobacteria|o__Pseudomonadales|f__Pseudomonadaceae|g__Pseudomonas,NCBITaxon_286,UO:0000187
k__Bacteria|p__Proteobacteria|c__Gammaproteobacteria|o__Pseudomonadales|f__Pseudomonadaceae|g__Pseudomonas|s__Pseudomonas_alcaligenes,NCBITaxon_43263,UO:0000187
k__Bacteria|p__Proteobacteria|c__Gammaproteobacteria|o__Pseudomonadales|f__Pseudomonadaceae|g__Pseudomonas|s__Pseudomonas_alcaliphila,NCBITaxon_101564,UO:0000187
k__Bacteria|p__Proteobacteria|c__Gammaproteobacteria|o__Pseudomonadales|f__Pseudomonadaceae|g__Pseudomonas|s__Pseudomonas_mandelii,NCBITaxon_75612,UO:0000187
k__Bacteria|p__Proteobacteria|c__Gammaproteobacteria|o__Pseudomonadales|f__Pseudomonadaceae|g__Pseudomonas|s__Pseudomonas_mendocina,NCBITaxon_300,UO:0000187
k__Bacteria|p__Proteobacteria|c__Gammaproteobacteria|o__Pseudomonadales|f__Pseudomonadaceae|g__Pseudomonas|s__Pseudomonas_nitroreducens,NCBITaxon_46680,UO:0000187
k__Bacteria|p__Proteobacteria|c__Gammaproteobacteria|o__Pseudomonadales|f__Pseudomonadaceae|g__Pseudomonas|s__Pseudomonas_putida,NCBITaxon_303,UO:0000187
k__Bacteria|p__Proteobacteria|c__Gammaproteobacteria|o__Pseudomonadales|f__Pseudomonadaceae|g__Pseudomonas|s__Pseudomonas_stutzeri,NCBITaxon_316,UO:0000187
k__Bacteria|p__Proteobacteria|c__Gammaproteobacteria|o__Pseudomonadales|f__Pseudomonadaceae|g__Pseudomonas|s__Pseudomonas_taiwanensis,NCBITaxon_470150,UO:0000187
k__Bacteria|p__Proteobacteria|c__Gammaproteobacteria|o__Pseudomonadales|f__Pseudomonadaceae|g__Pseudomonas|s__Pseudomonas_unclassified,NCBITaxon_2583993,UO:0000187
k__Bacteria|p__Proteobacteria|c__Gammaproteobacteria|o__Thiotrichales,NCBITaxon_72273,UO:0000187
k__Bacteria|p__Proteobacteria|c__Gammaproteobacteria|o__Thiotrichales|f__Piscirickettsiaceae,NCBITaxon_135616,UO:0000187
k__Bacteria|p__Proteobacteria|c__Gammaproteobacteria|o__Thiotrichales|f__Piscirickettsiaceae|g__Methylophaga,NCBITaxon_40222,UO:0000187
k__Bacteria|p__Proteobacteria|c__Gammaproteobacteria|o__Thiotrichales|f__Piscirickettsiaceae|g__Methylophaga|s__Methylophaga_unclassified,NCBITaxon_2629249,UO:0000187
k__Bacteria|p__Proteobacteria|c__Gammaproteobacteria|o__Xanthomonadales,NCBITaxon_135614,UO:0000187
k__Bacteria|p__Proteobacteria|c__Gammaproteobacteria|o__Xanthomonadales|f__Sinobacteraceae,NCBITaxon_568386,UO:0000187
k__Bacteria|p__Proteobacteria|c__Gammaproteobacteria|o__Xanthomonadales|f__Sinobacteraceae|g__Nevskia,NCBITaxon_64001,UO:0000187
k__Bacteria|p__Proteobacteria|c__Gammaproteobacteria|o__Xanthomonadales|f__Sinobacteraceae|g__Nevskia|s__Nevskia_ramosa,NCBITaxon_64002,UO:0000187
k__Bacteria|p__Proteobacteria|c__Gammaproteobacteria|o__Xanthomonadales|f__Sinobacteraceae|g__Sinobacteraceae_unclassified,NCBITaxon_694019,UO:0000187
k__Bacteria|p__Proteobacteria|c__Gammaproteobacteria|o__Xanthomonadales|f__Xanthomonadaceae,NCBITaxon_32033,UO:0000187
k__Bacteria|p__Proteobacteria|c__Gammaproteobacteria|o__Xanthomonadales|f__Xanthomonadaceae|g__Dyella,NCBITaxon_231454,UO:0000187
k__Bacteria|p__Proteobacteria|c__Gammaproteobacteria|o__Xanthomonadales|f__Xanthomonadaceae|g__Dyella|s__Dyella_japonica,NCBITaxon_231455,UO:0000187
k__Bacteria|p__Proteobacteria|c__Gammaproteobacteria|o__Xanthomonadales|f__Xanthomonadaceae|g__Pseudoxanthomonas,NCBITaxon_83618,UO:0000187
k__Bacteria|p__Proteobacteria|c__Gammaproteobacteria|o__Xanthomonadales|f__Xanthomonadaceae|g__Pseudoxanthomonas|s__Pseudoxanthomonas_unclassified,NCBITaxon_2645906,UO:0000187
k__Bacteria|p__Proteobacteria|c__Gammaproteobacteria|o__Xanthomonadales|f__Xanthomonadaceae|g__Rhodanobacter,NCBITaxon_75309,UO:0000187
k__Bacteria|p__Proteobacteria|c__Gammaproteobacteria|o__Xanthomonadales|f__Xanthomonadaceae|g__Rhodanobacter|s__Rhodanobacter_fulvus,NCBITaxon_219571,UO:0000187
k__Bacteria|p__Proteobacteria|c__Gammaproteobacteria|o__Xanthomonadales|f__Xanthomonadaceae|g__Rhodanobacter|s__Rhodanobacter_thiooxydans,NCBITaxon_416169,UO:0000187
k__Bacteria|p__Proteobacteria|c__Gammaproteobacteria|o__Xanthomonadales|f__Xanthomonadaceae|g__Rhodanobacter|s__Rhodanobacter_unclassified,NCBITaxon_2621553,UO:0000187
k__Bacteria|p__Proteobacteria|c__Gammaproteobacteria|o__Xanthomonadales|f__Xanthomonadaceae|g__Rudaea,NCBITaxon_886360,UO:0000187
k__Bacteria|p__Proteobacteria|c__Gammaproteobacteria|o__Xanthomonadales|f__Xanthomonadaceae|g__Rudaea|s__Rudaea_cellulosilytica,NCBITaxon_540746,UO:0000187
k__Bacteria|p__Proteobacteria|c__Gammaproteobacteria|o__Xanthomonadales|f__Xanthomonadaceae|g__Stenotrophomonas,NCBITaxon_40323,UO:0000187
k__Bacteria|p__Proteobacteria|c__Gammaproteobacteria|o__Xanthomonadales|f__Xanthomonadaceae|g__Stenotrophomonas|s__Stenotrophomonas_maltophilia,NCBITaxon_40324,UO:0000187
k__Bacteria|p__Proteobacteria|c__Gammaproteobacteria|o__Xanthomonadales|f__Xanthomonadaceae|g__Stenotrophomonas|s__Stenotrophomonas_unclassified,NCBITaxon_196198,UO:0000187
k__Bacteria|p__Tenericutes,NCBITaxon_544448,UO:0000187
k__Bacteria|p__Tenericutes|c__Mollicutes,NCBITaxon_31969,UO:0000187
k__Bacteria|p__Tenericutes|c__Mollicutes|o__Mycoplasmatales,NCBITaxon_2085,UO:0000187
k__Bacteria|p__Tenericutes|c__Mollicutes|o__Mycoplasmatales|f__Mycoplasmataceae,NCBITaxon_2092,UO:0000187
k__Bacteria|p__Tenericutes|c__Mollicutes|o__Mycoplasmatales|f__Mycoplasmataceae|g__Mycoplasma,NCBITaxon_2093,UO:0000187
k__Bacteria|p__Tenericutes|c__Mollicutes|o__Mycoplasmatales|f__Mycoplasmataceae|g__Mycoplasma|s__Mycoplasma_hominis,NCBITaxon_2098,UO:0000187
k__Bacteria|p__Verrucomicrobia,NCBITaxon_74201,UO:0000187
k__Bacteria|p__Verrucomicrobia|c__Opitutae,NCBITaxon_414999,UO:0000187
k__Bacteria|p__Verrucomicrobia|c__Opitutae|o__Opitutae_noname,NCBITaxon_415000,UO:0000187
k__Bacteria|p__Verrucomicrobia|c__Opitutae|o__Opitutae_noname|f__Opitutaceae,NCBITaxon_134623,UO:0000187
k__Bacteria|p__Verrucomicrobia|c__Opitutae|o__Opitutae_noname|f__Opitutaceae|g__Opitutus,NCBITaxon_178440,UO:0000187
k__Bacteria|p__Verrucomicrobia|c__Opitutae|o__Opitutae_noname|f__Opitutaceae|g__Opitutus|s__Opitutus_terrae,NCBITaxon_107709,UO:0000187
k__Eukaryota,NCBITaxon_2759,UO:0000187
k__Eukaryota|p__Ascomycota,NCBITaxon_4890,UO:0000187
k__Eukaryota|p__Ascomycota|c__Saccharomycetes,NCBITaxon_4891,UO:0000187
k__Eukaryota|p__Ascomycota|c__Saccharomycetes|o__Saccharomycetales,NCBITaxon_4892,UO:0000187
k__Eukaryota|p__Ascomycota|c__Saccharomycetes|o__Saccharomycetales|f__Saccharomycetaceae,NCBITaxon_4893,UO:0000187
k__Eukaryota|p__Ascomycota|c__Saccharomycetes|o__Saccharomycetales|f__Saccharomycetaceae|g__Saccharomyces,NCBITaxon_4930,UO:0000187
k__Eukaryota|p__Ascomycota|c__Saccharomycetes|o__Saccharomycetales|f__Saccharomycetaceae|g__Saccharomyces|s__Saccharomyces_cerevisiae,NCBITaxon_4932,UO:0000187
k__Viruses,NCBITaxon_10239,UO:0000187
k__Viruses|p__Viruses_noname|c__Viruses_noname|o__Caudovirales,NCBITaxon_28883,UO:0000187
k__Viruses|p__Viruses_noname|c__Viruses_noname|o__Caudovirales|f__Siphoviridae,NCBITaxon_10699,UO:0000187
k__Viruses|p__Viruses_noname|c__Viruses_noname|o__Caudovirales|f__Siphoviridae|g__C2likevirus,NCBITaxon_186532,UO:0000187
k__Viruses|p__Viruses_noname|c__Viruses_noname|o__Caudovirales|f__Siphoviridae|g__C2likevirus|s__C2likevirus_unclassified,NCBITaxon_329156,UO:0000187
k__Viruses|p__Viruses_noname|c__Viruses_noname|o__Caudovirales|f__Siphoviridae|g__Siphoviridae_noname,NCBITaxon_1982251,UO:0000187
k__Viruses|p__Viruses_noname|c__Viruses_noname|o__Caudovirales|f__Siphoviridae|g__Siphoviridae_noname|s__Propionibacterium_phage_P100D,NCBITaxon_1982266,UO:0000187
k__Viruses|p__Viruses_noname|c__Viruses_noname|o__Caudovirales|f__Siphoviridae|g__Siphoviridae_noname|s__Propionibacterium_phage_P100_A,NCBITaxon_1982265,UO:0000187
k__Viruses|p__Viruses_noname|c__Viruses_noname|o__Caudovirales|f__Siphoviridae|g__Yualikevirus,NCBITaxon_1299429,UO:0000187
k__Viruses|p__Viruses_noname|c__Viruses_noname|o__Caudovirales|f__Siphoviridae|g__Yualikevirus|s__Pseudomonas_phage_YuA,NCBITaxon_462590,UO:0000187
k__Viruses|p__Viruses_noname|c__Viruses_noname|o__Caudovirales|f__Siphoviridae|g__Yualikevirus|s__Yualikevirus_unclassified,NCBITaxon_1308898,UO:0000187
k__Viruses|p__Viruses_noname|c__Viruses_noname|o__Viruses_noname,NCBITaxon_2169561,UO:0000187
k__Viruses|p__Viruses_noname|c__Viruses_noname|o__Viruses_noname|f__Caulimoviridae,NCBITaxon_186534,UO:0000187
k__Viruses|p__Viruses_noname|c__Viruses_noname|o__Viruses_noname|f__Caulimoviridae|g__Cavemovirus,NCBITaxon_186533,UO:0000187
k__Viruses|p__Viruses_noname|c__Viruses_noname|o__Viruses_noname|f__Caulimoviridae|g__Cavemovirus|s__Tobacco_vein_clearing_virus,NCBITaxon_107324,UO:0000187
k__Viruses|p__Viruses_noname|c__Viruses_noname|o__Viruses_noname|f__Retroviridae,NCBITaxon_11632,UO:0000187
k__Viruses|p__Viruses_noname|c__Viruses_noname|o__Viruses_noname|f__Retroviridae|g__Betaretrovirus,NCBITaxon_140052,UO:0000187
k__Viruses|p__Viruses_noname|c__Viruses_noname|o__Viruses_noname|f__Retroviridae|g__Betaretrovirus|s__Jaagsiekte_sheep_retrovirus,NCBITaxon_11746,UO:0000187
k__Viruses|p__Viruses_noname|c__Viruses_noname|o__Viruses_noname|f__Retroviridae|g__Gammaretrovirus,NCBITaxon_153135,UO:0000187
k__Viruses|p__Viruses_noname|c__Viruses_noname|o__Viruses_noname|f__Retroviridae|g__Gammaretrovirus|s__Porcine_type_C_oncovirus,NCBITaxon_369960,UO:0000187
